student_name,student_contact,student_email,roll_no,semester,department_id,grade,father_name
Zayan Parikh,7255044574,zayan.parikh@gmail.com,IT24001,6,2,B,Abhiram Parikh
Agastya Hari,9655916212,agastya.hari@gmail.com,CE24002,7,5,A+,Yug Hari
Ishwar Pall,8505337767,ishwar.pall@gmail.com,CE24003,7,5,B+,Samarth Pall
Lila Dayal,7435747146,lila.dayal@gmail.com,CSE24004,5,1,A+,Baljiwan Dayal
Krishna Loke,8211353508,krishna.loke@gmail.com,CE24005,3,5,C,Atharv Loke
Arin Rama,8714688837,arin.rama@gmail.com,IT24006,4,2,B+,Yagnesh Rama
Pranit Buch,7965481205,pranit.buch@gmail.com,CSE24007,7,1,A,Mohammed Buch
Girish Patel,9855261165,girish.patel@gmail.com,ME24008,1,4,C,Akshay Patel
Abeer Dhar,9621835691,abeer.dhar@gmail.com,ME24009,1,4,B,Jeremiah Dhar
Yatin Saraf,7433728077,yatin.saraf@gmail.com,CSE24010,1,1,A+,Yuvraj Saraf
Januja Bala,8694286993,januja.bala@gmail.com,CSE24011,1,1,B,Onveer Bala
Adya Ramachandran,9489959798,adya.ramachandran@gmail.com,CSE24012,4,1,B,Udant Ramachandran
Nicholas Ghosh,9636800403,nicholas.ghosh@gmail.com,AI24013,2,3,B+,Wahab Ghosh
Nathaniel Parmar,7539816225,nathaniel.parmar@gmail.com,CSE24014,1,1,B+,Dhruv Parmar
Yochana Toor,8231524996,yochana.toor@gmail.com,CSE24015,6,1,C,Dhruv Toor
Girik Pal,7513387372,girik.pal@gmail.com,CSE24016,4,1,A+,Pranit Pal
Leela Garg,9851453088,leela.garg@gmail.com,IT24017,5,2,A,Gaurang Garg
Jagat Agrawal,8213366073,jagat.agrawal@gmail.com,IT24018,3,2,A+,Abdul Agrawal
Yamini Krishna,8289125477,yamini.krishna@gmail.com,AI24019,1,3,C,Gaurav Krishna
Manan Dhawan,9780018229,manan.dhawan@gmail.com,AI24020,8,3,C,Utkarsh Dhawan
Bishakha Mall,7578349822,bishakha.mall@gmail.com,AI24021,2,3,B+,Azaan Mall
Chakradhar Bose,8418386032,chakradhar.bose@gmail.com,CE24022,1,5,B,Tanay Bose
Ucchal Soni,8973479621,ucchal.soni@gmail.com,ME24023,1,4,B+,Kai Soni
Wahab Hegde,7506528463,wahab.hegde@gmail.com,AI24024,5,3,B,Fitan Hegde
Chanakya Taneja,8061202651,chanakya.taneja@gmail.com,CE24025,7,5,B+,Umang Taneja
Gavin Padmanabhan,7484557739,gavin.padmanabhan@gmail.com,AI24026,3,3,C,Samar Padmanabhan
Jacob Dhillon,9284479218,jacob.dhillon@gmail.com,CSE24027,6,1,A,Jai Dhillon
Bahadurjit Butala,9779247648,bahadurjit.butala@gmail.com,CE24028,3,5,B+,Jai Butala
Dalbir Korpal,7476102086,dalbir.korpal@gmail.com,AI24029,8,3,B,Umang Korpal
Omya Soni,9112874340,omya.soni@gmail.com,CSE24030,1,1,B,Aadi Soni
Mitesh Varma,7114814909,mitesh.varma@gmail.com,IT24031,6,2,C,Laban Varma
Jeevika Grewal,9261888657,jeevika.grewal@gmail.com,CE24032,1,5,A,Advik Grewal
Shivani Morar,9913454360,shivani.morar@gmail.com,ME24033,4,4,A,Kai Morar
Yashvi Doctor,9530803620,yashvi.doctor@gmail.com,ME24034,5,4,A,Maanas Doctor
Rachana Manne,9043298218,rachana.manne@gmail.com,CSE24035,3,1,B+,Girik Manne
Charita Yogi,9569275779,charita.yogi@gmail.com,ME24036,2,4,C,Wridesh Yogi
Dhruv Dhingra,9123659356,dhruv.dhingra@gmail.com,AI24037,3,3,B,Umang Dhingra
Anya Chakrabarti,9349540001,anya.chakrabarti@gmail.com,CSE24038,1,1,C,Finn Chakrabarti
Qasim Chander,7708714319,qasim.chander@gmail.com,AI24039,1,3,B+,Akshay Chander
Fiyaz Babu,8609027596,fiyaz.babu@gmail.com,AI24040,1,3,A+,Daniel Babu
Divya Pradhan,8712933723,divya.pradhan@gmail.com,AI24041,5,3,A,Chakradhar Pradhan
Triveni Sheth,8163102350,triveni.sheth@gmail.com,IT24042,3,2,A,Faqid Sheth
Rachana Chauhan,8165733136,rachana.chauhan@gmail.com,ME24043,6,4,A+,Gabriel Chauhan
Xiti Balakrishnan,9575710476,xiti.balakrishnan@gmail.com,IT24044,2,2,A,Zayan Balakrishnan
Pushti Agrawal,8947435076,pushti.agrawal@gmail.com,CE24045,5,5,A+,Aryan Agrawal
Nidra Doctor,8413916690,nidra.doctor@gmail.com,IT24046,3,2,C,Harrison Doctor
George Chhabra,8205439816,george.chhabra@gmail.com,CE24047,3,5,B+,Max Chhabra
Vasudha Gill,7582666637,vasudha.gill@gmail.com,CSE24048,1,1,B+,Frederick Gill
Unnati Minhas,7599718043,unnati.minhas@gmail.com,IT24049,1,2,A,Theodore Minhas
Aadi Khurana,7636816142,aadi.khurana@gmail.com,IT24050,1,2,C,Advik Khurana
Banjeet Dora,9137566208,banjeet.dora@gmail.com,ME24051,2,4,B+,Arin Dora
Vyanjana Dugal,8639902546,vyanjana.dugal@gmail.com,IT24052,3,2,A,Yatin Dugal
Gautami Saxena,9183547350,gautami.saxena@gmail.com,ME24053,8,4,A+,Fiyaz Saxena
Abha Singh,7943182222,abha.singh@gmail.com,AI24054,4,3,A+,George Singh
Abdul Sankar,9299212608,abdul.sankar@gmail.com,IT24055,8,2,C,Andrew Sankar
Nidhi Chahal,9841125244,nidhi.chahal@gmail.com,ME24056,2,4,A,Ekbal Chahal
Jackson Purohit,8974378120,jackson.purohit@gmail.com,AI24057,8,3,B,Amol Purohit
Raksha Rajagopal,8265179947,raksha.rajagopal@gmail.com,ME24058,1,4,A+,Om Rajagopal
Xavier Ahluwalia,9279211973,xavier.ahluwalia@gmail.com,IT24059,5,2,A+,Theodore Ahluwalia
Azad Butala,9230969600,azad.butala@gmail.com,IT24060,7,2,B,Kiaan Butala
Robert Loke,8858781193,robert.loke@gmail.com,CE24061,4,5,C,Banjeet Loke
Fariq Badal,8801089213,fariq.badal@gmail.com,CSE24062,5,1,C,Girish Badal
Raagini Bhargava,9038503357,raagini.bhargava@gmail.com,CSE24063,3,1,C,Jonathan Bhargava
Zashil Bumb,7926509972,zashil.bumb@gmail.com,CE24064,1,5,B,Nihal Bumb
Hritik Ray,8898286453,hritik.ray@gmail.com,ME24065,2,4,C,Bakhshi Ray
Fitan Bakshi,9021167895,fitan.bakshi@gmail.com,CE24066,4,5,B+,Rachit Bakshi
Abdul Sarraf,9846267122,abdul.sarraf@gmail.com,CE24067,3,5,C,Ekbal Sarraf
Yochana Amble,9213873574,yochana.amble@gmail.com,AI24068,1,3,A,Gautam Amble
Yashica Bhatti,8747424098,yashica.bhatti@gmail.com,ME24069,5,4,A,Daniel Bhatti
Daniel Rau,9151805299,daniel.rau@gmail.com,CSE24070,2,1,C,Warinder Rau
Irya Ray,7492756637,irya.ray@gmail.com,ME24071,1,4,A,Farhan Ray
Radhika Yohannan,8170550379,radhika.yohannan@gmail.com,IT24072,2,2,B+,Tanveer Yohannan
Zashil Batra,7789093546,zashil.batra@gmail.com,IT24073,2,2,B,Ethan Batra
Triya Chandra,9344756210,triya.chandra@gmail.com,CE24074,6,5,B,Patrick Chandra
Banjeet Jain,7870837059,banjeet.jain@gmail.com,AI24075,4,3,C,William Jain
Wriddhish Bhatt,7541170654,wriddhish.bhatt@gmail.com,CE24076,5,5,A+,Kalpit Bhatt
Alexander Naik,8045149723,alexander.naik@gmail.com,AI24077,5,3,A+,Umang Naik
Reyansh Cherian,8276007556,reyansh.cherian@gmail.com,IT24078,4,2,C,Lucky Cherian
Zinal Chopra,7332523478,zinal.chopra@gmail.com,AI24079,3,3,A+,Logan Chopra
Gautami Mani,9703737268,gautami.mani@gmail.com,CE24080,3,5,B,Balvan Mani
Netra Nagi,8959330409,netra.nagi@gmail.com,AI24081,2,3,B+,Siddharth Nagi
Onkar Dhar,8617548131,onkar.dhar@gmail.com,ME24082,1,4,C,Umang Dhar
Ekansh Din,7288260829,ekansh.din@gmail.com,CSE24083,6,1,B+,Manbir Din
Reva Raghavan,8170436226,reva.raghavan@gmail.com,CSE24084,8,1,B,Isaac Raghavan
Faraj Luthra,7647593312,faraj.luthra@gmail.com,CE24085,5,5,C,Elijah Luthra
Sanya Patil,7518416847,sanya.patil@gmail.com,CE24086,3,5,B,Ryan Patil
Bahadurjit Luthra,9187845147,bahadurjit.luthra@gmail.com,CE24087,5,5,A,Ethan Luthra
Chameli Bassi,7107502130,chameli.bassi@gmail.com,IT24088,3,2,A+,Banjeet Bassi
Harrison Din,8269571474,harrison.din@gmail.com,CE24089,8,5,A+,Darpan Din
Yamini Puri,7268555746,yamini.puri@gmail.com,IT24090,4,2,B+,Timothy Puri
Lakshit Chacko,9786125846,lakshit.chacko@gmail.com,CSE24091,3,1,A,Falan Chacko
Triya Mann,7403828703,triya.mann@gmail.com,IT24092,7,2,A,Michael Mann
Keya Venkataraman,8401494854,keya.venkataraman@gmail.com,ME24093,3,4,B+,Aadi Venkataraman
Yashodhara Kade,8981192328,yashodhara.kade@gmail.com,CSE24094,2,1,C,Falan Kade
Fariq Kanda,9866853178,fariq.kanda@gmail.com,IT24095,2,2,B+,Jackson Kanda
Jackson Kar,7216845747,jackson.kar@gmail.com,AI24096,6,3,A,Balendra Kar
Eesha Keer,9889965475,eesha.keer@gmail.com,IT24097,3,2,A+,Hitesh Keer
Shaurya Peri,7164009397,shaurya.peri@gmail.com,CE24098,8,5,A,Aditya Peri
Falguni Vig,9362186679,falguni.vig@gmail.com,CSE24099,5,1,B+,Hardik Vig
Yasti Kadakia,7662293287,yasti.kadakia@gmail.com,IT24100,4,2,B+,Samarth Kadakia
Darsh Rattan,8390608793,darsh.rattan@gmail.com,CE24101,6,5,C,Omkaar Rattan
Priya Natt,9721770749,priya.natt@gmail.com,CSE24102,5,1,B,Aarush Natt
Qabil Pillai,8113903499,qabil.pillai@gmail.com,CSE24103,4,1,B+,Thomas Pillai
Vrinda Parmer,9524478285,vrinda.parmer@gmail.com,CSE24104,7,1,A+,Raghav Parmer
Vidhi Taneja,8157837494,vidhi.taneja@gmail.com,AI24105,4,3,B,Ayush Taneja
Vyanjana Cherian,7637463045,vyanjana.cherian@gmail.com,IT24106,4,2,C,David Cherian
Kabir Edwin,8083040915,kabir.edwin@gmail.com,AI24107,5,3,A+,Christopher Edwin
Krishna Bhasin,8232437053,krishna.bhasin@gmail.com,IT24108,2,2,B+,Andrew Bhasin
Nitara Chaudhuri,8696195285,nitara.chaudhuri@gmail.com,IT24109,7,2,B,Mohammed Chaudhuri
Aditya Devan,7709873406,aditya.devan@gmail.com,ME24110,4,4,B,Dakshesh Devan
Aarini Bhargava,9442629853,aarini.bhargava@gmail.com,IT24111,7,2,B,Wriddhish Bhargava
Vasatika Kara,8460652427,vasatika.kara@gmail.com,IT24112,3,2,C,Rachit Kara
Nimrat Kuruvilla,9683861436,nimrat.kuruvilla@gmail.com,ME24113,3,4,B+,Lohit Kuruvilla
Chavvi Bansal,9090377717,chavvi.bansal@gmail.com,CE24114,1,5,C,Ekalinga Bansal
Lakshmi Modi,7880664910,lakshmi.modi@gmail.com,ME24115,3,4,B+,Anthony Modi
Vamakshi Bajaj,7849047867,vamakshi.bajaj@gmail.com,CE24116,2,5,B+,Darsh Bajaj
Omaja Varghese,9096566158,omaja.varghese@gmail.com,IT24117,3,2,A+,Timothy Varghese
George Dara,7771982081,george.dara@gmail.com,ME24118,8,4,B+,Tanay Dara
Reva Basak,7179149167,reva.basak@gmail.com,AI24119,2,3,B,Aayush Basak
Chakradhar Badami,7612385897,chakradhar.badami@gmail.com,ME24120,4,4,B,Ayaan Badami
Samaksh Mukhopadhyay,8327718391,samaksh.mukhopadhyay@gmail.com,ME24121,1,4,B,Bachittar Mukhopadhyay
Mugdha Subramaniam,7986084360,mugdha.subramaniam@gmail.com,CSE24122,7,1,A,Nitesh Subramaniam
Warhi Chaudhary,7073605600,warhi.chaudhary@gmail.com,IT24123,4,2,B,Qabil Chaudhary
Arin Prasad,9157297735,arin.prasad@gmail.com,CSE24124,3,1,B,Ansh Prasad
Vihaan Anne,9555727560,vihaan.anne@gmail.com,IT24125,2,2,C,Abhimanyu Anne
Arya Bhat,7773221937,arya.bhat@gmail.com,IT24126,4,2,B+,Tristan Bhat
Dalaja Sarkar,7256799811,dalaja.sarkar@gmail.com,ME24127,4,4,B,Teerth Sarkar
Urvi Rajagopalan,8730637525,urvi.rajagopalan@gmail.com,CSE24128,8,1,A,Frado Rajagopalan
Ucchal Kaur,8572630721,ucchal.kaur@gmail.com,CSE24129,7,1,A,Aarav Kaur
Nidra Gupta,8487682447,nidra.gupta@gmail.com,AI24130,6,3,A,Lakshit Gupta
Janani Malhotra,9716187286,janani.malhotra@gmail.com,CE24131,7,5,B+,Saksham Malhotra
Deepa Patla,9844468020,deepa.patla@gmail.com,ME24132,8,4,B+,Charan Patla
Tejas Kala,8132917299,tejas.kala@gmail.com,AI24133,1,3,B+,Madhav Kala
Isaac Char,8356933225,isaac.char@gmail.com,AI24134,2,3,A+,Jatin Char
Vritti Setty,7423771666,vritti.setty@gmail.com,CE24135,8,5,A,Chatresh Setty
Banjeet Raju,9814447175,banjeet.raju@gmail.com,CSE24136,6,1,A,Chanakya Raju
Samesh Dave,8047944102,samesh.dave@gmail.com,CE24137,7,5,A+,Madhav Dave
Krishna Taneja,7892978126,krishna.taneja@gmail.com,CSE24138,6,1,B+,Zayyan Taneja
Inaya Dua,8006192563,inaya.dua@gmail.com,CSE24139,1,1,B+,Farhan Dua
Girik Bajaj,7336737013,girik.bajaj@gmail.com,CSE24140,6,1,B,Sai Bajaj
Bhavini Divan,7949734250,bhavini.divan@gmail.com,ME24141,2,4,B+,Neel Divan
Jeevika Rai,7752392232,jeevika.rai@gmail.com,CE24142,1,5,A+,Dakshesh Rai
Harish Saha,9117929246,harish.saha@gmail.com,IT24143,6,2,C,Owen Saha
Charvi Saini,8138471709,charvi.saini@gmail.com,CSE24144,3,1,C,Faras Saini
Radhika Jayaraman,8663210212,radhika.jayaraman@gmail.com,ME24145,4,4,A+,Rohan Jayaraman
Baljiwan Sha,8447440189,baljiwan.sha@gmail.com,CSE24146,1,1,B+,Qadim Sha
Chakrika Gour,8688335829,chakrika.gour@gmail.com,CE24147,4,5,B,Samesh Gour
Nitesh Choudhury,9408493735,nitesh.choudhury@gmail.com,CSE24148,1,1,C,Tanish Choudhury
Vyanjana Sen,8218832830,vyanjana.sen@gmail.com,IT24149,3,2,C,Nachiket Sen
Advaith Oza,9399242834,advaith.oza@gmail.com,IT24150,6,2,A+,Chakradev Oza
Saanvi Bandi,7632002103,saanvi.bandi@gmail.com,CSE24151,4,1,B+,Kalpit Bandi
Girindra Pandit,8070415253,girindra.pandit@gmail.com,IT24152,5,2,A,Rachit Pandit
Madhavi Kibe,8998869321,madhavi.kibe@gmail.com,CSE24153,5,1,B,Logan Kibe
Keya Sibal,7194084768,keya.sibal@gmail.com,ME24154,8,4,C,Balvan Sibal
Ishanvi Zacharia,8904307701,ishanvi.zacharia@gmail.com,CSE24155,3,1,B,Hritik Zacharia
Noah Arora,9834649025,noah.arora@gmail.com,CE24156,4,5,A,Nachiket Arora
Jeevika Garg,9944480072,jeevika.garg@gmail.com,AI24157,6,3,A,Pratyush Garg
Lopa Bir,7185715011,lopa.bir@gmail.com,AI24158,7,3,A,Ranveer Bir
Rohan Agrawal,7419206815,rohan.agrawal@gmail.com,IT24159,1,2,A,Pranit Agrawal
Udyati Krishnan,8347702014,udyati.krishnan@gmail.com,IT24160,8,2,A,Ekapad Krishnan
Kalpit Sha,9090669348,kalpit.sha@gmail.com,IT24161,4,2,A,Ikbal Sha
Lakshit Bandi,9264821356,lakshit.bandi@gmail.com,ME24162,4,4,A+,Gopal Bandi
Baghyawati Balan,7383794607,baghyawati.balan@gmail.com,IT24163,2,2,B,Robert Balan
Chaitanya D’Alia,8360425807,chaitanya.d’alia@gmail.com,AI24164,8,3,A,Gaurang D’Alia
Abdul Contractor,8196471855,abdul.contractor@gmail.com,AI24165,2,3,B,Daniel Contractor
Aahana Kothari,9682191637,aahana.kothari@gmail.com,CSE24166,5,1,A+,Yatin Kothari
Praneel Kamdar,9587122207,praneel.kamdar@gmail.com,ME24167,2,4,A+,Thomas Kamdar
Chakradhar Khatri,7865046094,chakradhar.khatri@gmail.com,CE24168,4,5,B+,Yug Khatri
Yoshita Jain,9473028795,yoshita.jain@gmail.com,CE24169,5,5,A+,Anirudh Jain
Om Sachdeva,7248806354,om.sachdeva@gmail.com,IT24170,1,2,A+,Amol Sachdeva
Nakul Contractor,8581778233,nakul.contractor@gmail.com,ME24171,4,4,A+,Girindra Contractor
Yochana Narasimhan,7392851615,yochana.narasimhan@gmail.com,IT24172,1,2,B,Chatresh Narasimhan
Januja Sahni,8989866669,januja.sahni@gmail.com,IT24173,1,2,B,Jacob Sahni
Shravya Oza,8013583978,shravya.oza@gmail.com,CSE24174,4,1,B+,Devansh Oza
Isaac Varkey,7282063418,isaac.varkey@gmail.com,CE24175,3,5,A,Samuel Varkey
Eiravati Gara,9685473990,eiravati.gara@gmail.com,IT24176,2,2,A+,Samar Gara
Rajeshri Deo,9450285609,rajeshri.deo@gmail.com,CSE24177,2,1,B+,Rachit Deo
Barkha Cheema,8642816254,barkha.cheema@gmail.com,IT24178,5,2,A,Karan Cheema
Yachana Gaba,9979394854,yachana.gaba@gmail.com,CE24179,5,5,A+,Charles Gaba
Omkaar Narain,7067073567,omkaar.narain@gmail.com,IT24180,2,2,B+,Samaksh Narain
Ria Ghosh,9006131468,ria.ghosh@gmail.com,CE24181,4,5,B+,Madhav Ghosh
Darika Nazareth,9297395253,darika.nazareth@gmail.com,IT24182,6,2,C,Wridesh Nazareth
Ekantika Guha,9597164075,ekantika.guha@gmail.com,CE24183,4,5,B+,Bakhshi Guha
Ekaraj Mane,8852387112,ekaraj.mane@gmail.com,IT24184,6,2,B+,Wazir Mane
Ekapad Ravel,8505772351,ekapad.ravel@gmail.com,CE24185,2,5,B,Girindra Ravel
Quincy Bhatti,7632244989,quincy.bhatti@gmail.com,IT24186,1,2,B+,Ekaraj Bhatti
Aryan Mohan,7990040987,aryan.mohan@gmail.com,ME24187,1,4,C,Aditya Mohan
Dipta Chakraborty,9833887080,dipta.chakraborty@gmail.com,CE24188,2,5,A,Abhiram Chakraborty
Krishna Lal,8405736536,krishna.lal@gmail.com,CSE24189,3,1,B+,Andrew Lal
Ekaja Amble,7691373708,ekaja.amble@gmail.com,AI24190,5,3,A+,Ekansh Amble
Bhavika Peri,7290274972,bhavika.peri@gmail.com,CE24191,8,5,B,Nakul Peri
Mohammed Mitra,9066593592,mohammed.mitra@gmail.com,CE24192,7,5,C,Darsh Mitra
Lohit Gaba,7145571225,lohit.gaba@gmail.com,AI24193,8,3,B,Rudra Gaba
Priya Ravel,7493189639,priya.ravel@gmail.com,ME24194,5,4,C,Chanakya Ravel
Yahvi Kapadia,8258700718,yahvi.kapadia@gmail.com,ME24195,4,4,A+,Chatura Kapadia
Laban Rajagopalan,8499786303,laban.rajagopalan@gmail.com,IT24196,4,2,A,Bakhshi Rajagopalan
Siddharth Karnik,8019165356,siddharth.karnik@gmail.com,CSE24197,2,1,A,Baljiwan Karnik
Bhavika Bhargava,8358927468,bhavika.bhargava@gmail.com,CSE24198,3,1,B+,Jagdish Bhargava
Hitesh Mohanty,7741212245,hitesh.mohanty@gmail.com,ME24199,3,4,A,Robert Mohanty
Advay Guha,7505609794,advay.guha@gmail.com,AI24200,8,3,A,Finn Guha
Nisha Radhakrishnan,7860793834,nisha.radhakrishnan@gmail.com,IT24201,5,2,A+,Vincent Radhakrishnan
Meera Khare,8384821881,meera.khare@gmail.com,AI24202,1,3,A,Bahadurjit Khare
Aadhya Padmanabhan,9143434183,aadhya.padmanabhan@gmail.com,CE24203,2,5,A+,Azad Padmanabhan
Ubika Khurana,9100970837,ubika.khurana@gmail.com,IT24204,7,2,B,Girik Khurana
Sneha Bhatnagar,9812131355,sneha.bhatnagar@gmail.com,ME24205,3,4,C,Naksh Bhatnagar
Garima De,8305537073,garima.de@gmail.com,IT24206,4,2,B+,Luke De
Chaman Jani,7334877961,chaman.jani@gmail.com,CE24207,1,5,B+,Kabir Jani
Urvi Issac,9483968247,urvi.issac@gmail.com,AI24208,3,3,A,Guneet Issac
Xalak Yadav,8970992304,xalak.yadav@gmail.com,CE24209,7,5,C,Guneet Yadav
Jack Batra,8309088610,jack.batra@gmail.com,CE24210,1,5,B+,Parth Batra
Vansha Mall,7231705691,vansha.mall@gmail.com,CE24211,1,5,C,Jai Mall
Charles Bhandari,9935115138,charles.bhandari@gmail.com,AI24212,5,3,A,Aarav Bhandari
Nathaniel Soni,7668791872,nathaniel.soni@gmail.com,CSE24213,5,1,A+,Girish Soni
Advika Joshi,8923614685,advika.joshi@gmail.com,CSE24214,6,1,A,Umang Joshi
Panini Johal,9632266439,panini.johal@gmail.com,IT24215,2,2,C,Tanveer Johal
Zashil Nair,8879533102,zashil.nair@gmail.com,AI24216,6,3,A+,Vedant Nair
Bakhshi Gopal,8270187601,bakhshi.gopal@gmail.com,ME24217,1,4,A+,Aadi Gopal
Urvashi Mani,7085026753,urvashi.mani@gmail.com,CE24218,5,5,C,Samarth Mani
Adweta Cherian,9720017737,adweta.cherian@gmail.com,AI24219,2,3,A,Gaurang Cherian
Bhavika Agarwal,9483079468,bhavika.agarwal@gmail.com,AI24220,4,3,B,Devansh Agarwal
Unni Mani,7473856715,unni.mani@gmail.com,AI24221,7,3,B+,Ikbal Mani
Henry Parikh,8726792892,henry.parikh@gmail.com,IT24222,8,2,A+,Samaksh Parikh
Eshana Cherian,7713603406,eshana.cherian@gmail.com,ME24223,5,4,A+,Thomas Cherian
Jagat Menon,9691200809,jagat.menon@gmail.com,IT24224,3,2,B,Nihal Menon
Frederick Varughese,9657413895,frederick.varughese@gmail.com,CE24225,3,5,A+,Naveen Varughese
Lakshit Sawhney,9326872508,lakshit.sawhney@gmail.com,ME24226,3,4,C,David Sawhney
Faras Bera,7537631180,faras.bera@gmail.com,CSE24227,5,1,B,Rishi Bera
Jason Andra,9312657193,jason.andra@gmail.com,AI24228,8,3,C,Reyansh Andra
Siya Hans,7347935706,siya.hans@gmail.com,IT24229,4,2,B+,Bakhshi Hans
Agastya Prashad,8529131500,agastya.prashad@gmail.com,IT24230,4,2,A,Upkaar Prashad
Elijah Ghosh,9209040271,elijah.ghosh@gmail.com,IT24231,2,2,A,Chakradhar Ghosh
Noah Badal,9853864169,noah.badal@gmail.com,CE24232,7,5,C,Samarth Badal
Mason Agate,8414920804,mason.agate@gmail.com,IT24233,8,2,A,Tristan Agate
Qushi Nigam,7359634734,qushi.nigam@gmail.com,IT24234,5,2,B+,Laban Nigam
Chandresh Dube,7958295395,chandresh.dube@gmail.com,IT24235,7,2,B,Yash Dube
Jonathan Mallick,7474078150,jonathan.mallick@gmail.com,CSE24236,7,1,B+,Indrajit Mallick
Nandini Borra,8292423612,nandini.borra@gmail.com,CSE24237,2,1,A+,Gautam Borra
Urmi Thaman,9993788578,urmi.thaman@gmail.com,IT24238,1,2,A,Samaksh Thaman
Amruta Samra,8304741029,amruta.samra@gmail.com,AI24239,2,3,C,Samar Samra
Maanas Suresh,9710903934,maanas.suresh@gmail.com,CSE24240,2,1,A,Samuel Suresh
Lakshit Gopal,8316163842,lakshit.gopal@gmail.com,IT24241,5,2,A,Aarav Gopal
Sudiksha Sandhu,7536027422,sudiksha.sandhu@gmail.com,AI24242,5,3,A,Udant Sandhu
Vedhika Chad,9069216269,vedhika.chad@gmail.com,IT24243,1,2,B+,Veer Chad
Omya Tandon,9245271179,omya.tandon@gmail.com,ME24244,8,4,B+,Logan Tandon
Aarush Gopal,8059688609,aarush.gopal@gmail.com,CSE24245,4,1,A,Tanay Gopal
Yahvi Rana,7038729601,yahvi.rana@gmail.com,AI24246,2,3,A+,Maanav Rana
Hardik Madan,8326470971,hardik.madan@gmail.com,IT24247,2,2,A+,Patrick Madan
Pranit Badami,9632997388,pranit.badami@gmail.com,CE24248,8,5,B,Sathvik Badami
Rajata Bhavsar,9960943487,rajata.bhavsar@gmail.com,AI24249,7,3,A+,Abhimanyu Bhavsar
William Kannan,8181626212,william.kannan@gmail.com,CSE24250,5,1,B,Zayan Kannan
Ekta Bath,7962334430,ekta.bath@gmail.com,ME24251,7,4,A,Simon Bath
Chatura Hayre,9091976274,chatura.hayre@gmail.com,CE24252,4,5,A+,Daksh Hayre
Ansh Malhotra,9586777396,ansh.malhotra@gmail.com,CSE24253,8,1,C,Hredhaan Malhotra
Yashoda Issac,8670449190,yashoda.issac@gmail.com,CSE24254,4,1,A,Chatresh Issac
Harshil Seshadri,9076559867,harshil.seshadri@gmail.com,AI24255,5,3,A,Lohit Seshadri
Darika Oommen,7235722203,darika.oommen@gmail.com,CE24256,2,5,A+,Tarak Oommen
Harinakshi Bora,9464980212,harinakshi.bora@gmail.com,IT24257,5,2,B,Chaitanya Bora
Agastya Sahota,8533731996,agastya.sahota@gmail.com,CSE24258,6,1,A,Upkaar Sahota
Chaitaly Sane,7875597027,chaitaly.sane@gmail.com,CSE24259,6,1,C,Arin Sane
Abhiram Hayer,7768955436,abhiram.hayer@gmail.com,CE24260,4,5,B+,Jagdish Hayer
Unni Bains,7251145846,unni.bains@gmail.com,IT24261,4,2,C,Gavin Bains
Vasudha Dutt,9541852564,vasudha.dutt@gmail.com,IT24262,6,2,B+,Andrew Dutt
Raghav Saraf,8464885835,raghav.saraf@gmail.com,CE24263,5,5,B+,Harsh Saraf
Nidhi Murthy,9045671148,nidhi.murthy@gmail.com,CE24264,1,5,B+,Faqid Murthy
Gautami Goswami,8405326524,gautami.goswami@gmail.com,ME24265,2,4,A,William Goswami
Mitali Bahri,7710587314,mitali.bahri@gmail.com,CE24266,7,5,A,Dalbir Bahri
Hema Sehgal,8916857096,hema.sehgal@gmail.com,IT24267,6,2,A+,Bachittar Sehgal
Girik Chatterjee,7505093847,girik.chatterjee@gmail.com,AI24268,2,3,A+,Yash Chatterjee
Samesh Kant,9274122220,samesh.kant@gmail.com,IT24269,3,2,B,Chandresh Kant
Charan Chauhan,7209872028,charan.chauhan@gmail.com,AI24270,7,3,B,Ansh Chauhan
Tanveer Ray,8650295415,tanveer.ray@gmail.com,ME24271,8,4,B+,William Ray
Maanas Devi,8876747549,maanas.devi@gmail.com,IT24272,3,2,B,Patrick Devi
Hritik Morar,8181950191,hritik.morar@gmail.com,ME24273,1,4,B,Max Morar
Vasudha Sarma,7681840447,vasudha.sarma@gmail.com,AI24274,4,3,B+,Hemang Sarma
Arya Nair,8187820513,arya.nair@gmail.com,CE24275,4,5,A,Michael Nair
Radhika Kannan,9996244740,radhika.kannan@gmail.com,IT24276,6,2,B+,Jeremiah Kannan
Unnati Zachariah,8429820011,unnati.zachariah@gmail.com,ME24277,8,4,B+,Vihaan Zachariah
Onkar Kala,8957808613,onkar.kala@gmail.com,ME24278,3,4,A,Daniel Kala
Shivansh Sem,9814859282,shivansh.sem@gmail.com,IT24279,6,2,C,Sarthak Sem
Chandani Verma,7706696406,chandani.verma@gmail.com,ME24280,1,4,C,Falan Verma
Guneet Chauhan,7635392337,guneet.chauhan@gmail.com,ME24281,8,4,A,Vivaan Chauhan
Faraj Sekhon,7972982123,faraj.sekhon@gmail.com,ME24282,1,4,A+,Gaurav Sekhon
Jatin Natarajan,8255586816,jatin.natarajan@gmail.com,CE24283,8,5,C,Yagnesh Natarajan
Dipta Balay,8272034823,dipta.balay@gmail.com,IT24284,7,2,B+,Owen Balay
Zilmil Sridhar,8984772141,zilmil.sridhar@gmail.com,IT24285,1,2,A,Farhan Sridhar
Anusha Lad,9821327772,anusha.lad@gmail.com,ME24286,5,4,A+,Fariq Lad
Noah Wali,8472976974,noah.wali@gmail.com,CE24287,4,5,C,Jacob Wali
Sanaya Balay,8484399527,sanaya.balay@gmail.com,CSE24288,2,1,A,Balvan Balay
Adweta Kala,8557986863,adweta.kala@gmail.com,AI24289,5,3,B+,Avi Kala
Pavani Kunda,8668327988,pavani.kunda@gmail.com,IT24290,3,2,A,Chatura Kunda
Sneha Bajwa,8448476661,sneha.bajwa@gmail.com,AI24291,8,3,A,Veer Bajwa
Shaurya Ramesh,7008283468,shaurya.ramesh@gmail.com,AI24292,4,3,B+,Krish Ramesh
Dev Virk,9350866301,dev.virk@gmail.com,ME24293,6,4,C,Samuel Virk
Kashvi Thakkar,7274762014,kashvi.thakkar@gmail.com,AI24294,2,3,C,Saksham Thakkar
Baljiwan Narula,9944588767,baljiwan.narula@gmail.com,CE24295,8,5,B+,Chakradhar Narula
Aarnav Chhabra,8444349434,aarnav.chhabra@gmail.com,ME24296,5,4,A,Ryan Chhabra
Sudiksha Kant,7817920118,sudiksha.kant@gmail.com,AI24297,4,3,C,Om Kant
Ijaya Radhakrishnan,7206602779,ijaya.radhakrishnan@gmail.com,CSE24298,4,1,B,Sarthak Radhakrishnan
Tristan Arya,7193973474,tristan.arya@gmail.com,CSE24299,3,1,C,Gautam Arya
Ronith Batra,8767090927,ronith.batra@gmail.com,CE24300,6,5,A+,Chakradhar Batra
Megha Balay,7108612757,megha.balay@gmail.com,CSE24301,2,1,A,Victor Balay
Libni Varughese,8268516298,libni.varughese@gmail.com,CE24302,7,5,A+,Falan Varughese
Wriddhish Srinivasan,7231817709,wriddhish.srinivasan@gmail.com,AI24303,4,3,A,Finn Srinivasan
Jhalak Nori,8789513985,jhalak.nori@gmail.com,AI24304,5,3,A,Hemang Nori
Aarav Chaudhry,9934150278,aarav.chaudhry@gmail.com,AI24305,7,3,B+,Onveer Chaudhry
Barkha Sampath,9625796359,barkha.sampath@gmail.com,AI24306,4,3,B,Wridesh Sampath
Kavya Reddy,9401891939,kavya.reddy@gmail.com,IT24307,4,2,A+,Maanav Reddy
George Bhavsar,9214755324,george.bhavsar@gmail.com,IT24308,8,2,A,Robert Bhavsar
Meghana Sami,8359031346,meghana.sami@gmail.com,ME24309,8,4,B,Peter Sami
Aahana Kashyap,9489424905,aahana.kashyap@gmail.com,ME24310,5,4,A,Chakradhar Kashyap
Manya Pant,8093215825,manya.pant@gmail.com,CSE24311,6,1,B,Michael Pant
Lila Zachariah,9486019228,lila.zachariah@gmail.com,AI24312,2,3,B,Wridesh Zachariah
Vritti Kara,7446942846,vritti.kara@gmail.com,ME24313,4,4,B,Karan Kara
Hitesh Bhalla,9835119149,hitesh.bhalla@gmail.com,ME24314,1,4,C,Gavin Bhalla
Abdul Purohit,7743980303,abdul.purohit@gmail.com,IT24315,5,2,B,Harrison Purohit
Nachiket Keer,8023474729,nachiket.keer@gmail.com,CE24316,2,5,A,Jagat Keer
Udant Sankaran,7203271725,udant.sankaran@gmail.com,IT24317,4,2,A,Gopal Sankaran
Yug Borde,8013996168,yug.borde@gmail.com,IT24318,2,2,C,Naksh Borde
Gautam Sood,8077968200,gautam.sood@gmail.com,ME24319,4,4,A,Gunbir Sood
Rudra Mahal,9066711042,rudra.mahal@gmail.com,AI24320,7,3,B+,Jack Mahal
Garima Sunder,7967956468,garima.sunder@gmail.com,AI24321,7,3,B,Theodore Sunder
Dominic Joshi,8371606864,dominic.joshi@gmail.com,AI24322,7,3,C,Zehaan Joshi
Bishakha Merchant,9489895777,bishakha.merchant@gmail.com,AI24323,6,3,B,Saksham Merchant
Ekalinga Shanker,8215694362,ekalinga.shanker@gmail.com,CE24324,3,5,B,Shaurya Shanker
Jeevika Badal,7196673295,jeevika.badal@gmail.com,AI24325,7,3,B,Lohit Badal
Siddharth Karpe,7017159014,siddharth.karpe@gmail.com,IT24326,3,2,B,Laban Karpe
Pooja Kari,8851633816,pooja.kari@gmail.com,AI24327,6,3,A,Girindra Kari
Vrishti Balan,9886677042,vrishti.balan@gmail.com,IT24328,3,2,B+,Qasim Balan
Bina Kant,9584057853,bina.kant@gmail.com,CE24329,6,5,C,Balendra Kant
Ishani Natt,8505486244,ishani.natt@gmail.com,CE24330,5,5,C,Arjun Natt
Tarak Sathe,7875306219,tarak.sathe@gmail.com,CE24331,8,5,A+,Arin Sathe
Aadi Mody,7608027015,aadi.mody@gmail.com,ME24332,7,4,B,Vivaan Mody
Oeshi Korpal,8742437612,oeshi.korpal@gmail.com,ME24333,3,4,C,Laksh Korpal
Damyanti Mukherjee,8900887285,damyanti.mukherjee@gmail.com,CSE24334,4,1,B+,Avi Mukherjee
Turvi Rege,9320950696,turvi.rege@gmail.com,CSE24335,5,1,C,Jairaj Rege
Hardik Mani,8472248824,hardik.mani@gmail.com,IT24336,3,2,A,Hritik Mani
Finn Ramanathan,8372933940,finn.ramanathan@gmail.com,CSE24337,1,1,A,Saksham Ramanathan
Abhimanyu Mahal,8286455694,abhimanyu.mahal@gmail.com,ME24338,8,4,A+,Simon Mahal
Raghav Parmar,7832626788,raghav.parmar@gmail.com,CE24339,5,5,A,Max Parmar
Omaja Gour,7592491776,omaja.gour@gmail.com,CSE24340,3,1,A+,Dev Gour
Champak Sanghvi,8647380680,champak.sanghvi@gmail.com,ME24341,7,4,B+,Rishi Sanghvi
Vanya Bhatti,9891332219,vanya.bhatti@gmail.com,CE24342,2,5,A+,Ayushman Bhatti
Dipta Hegde,8861181188,dipta.hegde@gmail.com,ME24343,7,4,B,Dakshesh Hegde
Jonathan Deo,7927285484,jonathan.deo@gmail.com,IT24344,2,2,B+,Faris Deo
Eesha Venkataraman,9468181814,eesha.venkataraman@gmail.com,CE24345,1,5,C,Lakshit Venkataraman
Rajata Bahri,9158644711,rajata.bahri@gmail.com,AI24346,1,3,A+,Sathvik Bahri
Indira Goyal,9462695176,indira.goyal@gmail.com,IT24347,8,2,B,David Goyal
Sai Ravi,8664065789,sai.ravi@gmail.com,CSE24348,3,1,B+,Charles Ravi
Tanay Raghavan,8622595562,tanay.raghavan@gmail.com,CE24349,8,5,A,Mason Raghavan
Rushil Bhardwaj,7476454137,rushil.bhardwaj@gmail.com,ME24350,8,4,C,Ansh Bhardwaj
George Reddy,9356546699,george.reddy@gmail.com,CSE24351,8,1,A,Liam Reddy
Januja Barad,9746047009,januja.barad@gmail.com,CE24352,6,5,C,Zashil Barad
Tamanna Tata,7685492219,tamanna.tata@gmail.com,CE24353,4,5,B,Faris Tata
Daksh Sengupta,9934073056,daksh.sengupta@gmail.com,CE24354,6,5,B+,Dalbir Sengupta
Aashi Choudhury,8991527280,aashi.choudhury@gmail.com,AI24355,3,3,B,Daksh Choudhury
Anay Bassi,8527023302,anay.bassi@gmail.com,ME24356,4,4,A+,Qabil Bassi
Jason Madan,9997845644,jason.madan@gmail.com,IT24357,5,2,C,Isaac Madan
Vansha Khalsa,8423909008,vansha.khalsa@gmail.com,ME24358,7,4,A+,Samarth Khalsa
Xiti Seth,9456066172,xiti.seth@gmail.com,CE24359,6,5,C,Rishi Seth
Daksh Nath,9773758752,daksh.nath@gmail.com,CE24360,3,5,B+,Chatresh Nath
Idika Om,9902788700,idika.om@gmail.com,IT24361,1,2,B+,Gavin Om
Balveer Chauhan,9971109429,balveer.chauhan@gmail.com,AI24362,5,3,B+,Gaurang Chauhan
Kamala Ravi,7627019242,kamala.ravi@gmail.com,IT24363,1,2,A+,Atharv Ravi
Irya Mann,9326234008,irya.mann@gmail.com,ME24364,6,4,B,Quincy Mann
Damyanti Sankaran,8206052519,damyanti.sankaran@gmail.com,CE24365,7,5,C,Yug Sankaran
Bhanumati Sankar,7731496711,bhanumati.sankar@gmail.com,AI24366,7,3,A,Charan Sankar
Odika Kalita,8734497167,odika.kalita@gmail.com,IT24367,2,2,A+,Utkarsh Kalita
Qushi Bhatnagar,9414595489,qushi.bhatnagar@gmail.com,ME24368,7,4,B,Nitesh Bhatnagar
Krishna Korpal,8344447738,krishna.korpal@gmail.com,AI24369,8,3,A,Fariq Korpal
Shravya Nigam,7956299159,shravya.nigam@gmail.com,ME24370,7,4,C,Harshil Nigam
Hritik Som,8032293281,hritik.som@gmail.com,CE24371,7,5,B,Faraj Som
Hiral Dara,8604206235,hiral.dara@gmail.com,CE24372,3,5,B+,Fariq Dara
Harsh Shetty,7914623564,harsh.shetty@gmail.com,ME24373,8,4,A+,Pranit Shetty
Ridhi Chaudhry,9990976059,ridhi.chaudhry@gmail.com,IT24374,1,2,B+,Ayush Chaudhry
Chameli Das,9614808081,chameli.das@gmail.com,CE24375,8,5,C,Tanish Das
Guneet Samra,8189743977,guneet.samra@gmail.com,ME24376,1,4,C,Tarak Samra
Jairaj Cherian,9169194936,jairaj.cherian@gmail.com,CSE24377,2,1,A+,Gopal Cherian
Agastya Kapoor,8871699191,agastya.kapoor@gmail.com,AI24378,6,3,A+,Aryan Kapoor
Nikita Kashyap,9353875434,nikita.kashyap@gmail.com,ME24379,7,4,C,Quincy Kashyap
Niharika Sen,8453109608,niharika.sen@gmail.com,ME24380,3,4,A,Aarnav Sen
Anika Kar,8164262929,anika.kar@gmail.com,IT24381,6,2,C,Theodore Kar
Michael Parsa,9460711788,michael.parsa@gmail.com,ME24382,6,4,A+,Saksham Parsa
Orinder Kant,8833845930,orinder.kant@gmail.com,IT24383,5,2,B+,Faqid Kant
Fitan Karpe,9158272777,fitan.karpe@gmail.com,ME24384,3,4,A,Jai Karpe
Michael Sur,7102580783,michael.sur@gmail.com,IT24385,8,2,A,Zehaan Sur
Vedhika Shroff,7642582614,vedhika.shroff@gmail.com,IT24386,5,2,B+,Sarthak Shroff
Kai Patel,9989579087,kai.patel@gmail.com,CE24387,6,5,A,Reyansh Patel
Faqid Kumar,7014806681,faqid.kumar@gmail.com,CSE24388,4,1,A,Ranveer Kumar
Rayaan Purohit,8765632846,rayaan.purohit@gmail.com,ME24389,1,4,A,Dominic Purohit
Hema Saini,8662653164,hema.saini@gmail.com,CE24390,6,5,B+,Krishna Saini
Lakshmi Chaudhary,8638573566,lakshmi.chaudhary@gmail.com,CE24391,1,5,C,Zayyan Chaudhary
Baghyawati Chand,9960045218,baghyawati.chand@gmail.com,IT24392,6,2,A+,Agastya Chand
Ekanta Taneja,8850405001,ekanta.taneja@gmail.com,CE24393,1,5,B,Vihaan Taneja
Balveer Srivastava,8970039593,balveer.srivastava@gmail.com,CSE24394,8,1,B+,Patrick Srivastava
Damyanti Borra,8351292374,damyanti.borra@gmail.com,IT24395,3,2,B+,Fariq Borra
Ishanvi Wagle,7204063733,ishanvi.wagle@gmail.com,CSE24396,8,1,B+,Harshil Wagle
Jeet Purohit,9174497800,jeet.purohit@gmail.com,AI24397,7,3,B+,Yug Purohit
Ekaraj Goswami,8079888332,ekaraj.goswami@gmail.com,AI24398,8,3,A+,Maanas Goswami
Ekanta Chatterjee,8154932484,ekanta.chatterjee@gmail.com,IT24399,1,2,A+,Gautam Chatterjee
Abha Chana,9729187063,abha.chana@gmail.com,AI24400,3,3,B+,Christopher Chana
Aashi Sani,9513037572,aashi.sani@gmail.com,CSE24401,4,1,A+,Azaan Sani
Jeet Sarna,7828972816,jeet.sarna@gmail.com,AI24402,2,3,A,Chatresh Sarna
Adya Lanka,8310214972,adya.lanka@gmail.com,IT24403,6,2,B,Gagan Lanka
Ishani Pillay,7395674202,ishani.pillay@gmail.com,IT24404,3,2,A,Aditya Pillay
Kamya Buch,9021421729,kamya.buch@gmail.com,AI24405,7,3,B,Charles Buch
Charan Krishnamurthy,9449042899,charan.krishnamurthy@gmail.com,IT24406,6,2,A,Zashil Krishnamurthy
Daksha Ray,7768306202,daksha.ray@gmail.com,IT24407,7,2,C,Zayyan Ray
Wridesh Narula,8795992788,wridesh.narula@gmail.com,CSE24408,2,1,C,Peter Narula
Varenya Butala,7571564271,varenya.butala@gmail.com,CSE24409,1,1,A,Hitesh Butala
Pooja Palla,7978192922,pooja.palla@gmail.com,ME24410,5,4,A,Samesh Palla
Jeevika Dar,8138615525,jeevika.dar@gmail.com,IT24411,7,2,C,Advaith Dar
Falguni Agarwal,7422379479,falguni.agarwal@gmail.com,AI24412,8,3,B,Manbir Agarwal
Kiaan Golla,7823060679,kiaan.golla@gmail.com,CE24413,3,5,C,Yug Golla
Ayush Narasimhan,9259579920,ayush.narasimhan@gmail.com,ME24414,5,4,B,Gaurang Narasimhan
Janaki Narasimhan,7661576186,janaki.narasimhan@gmail.com,CSE24415,2,1,A,Robert Narasimhan
Yasti Bansal,7514678648,yasti.bansal@gmail.com,CSE24416,8,1,C,Yagnesh Bansal
Aadi Pradhan,7659345749,aadi.pradhan@gmail.com,CSE24417,6,1,B,Jagat Pradhan
Wakeeta Oommen,7210563928,wakeeta.oommen@gmail.com,IT24418,8,2,B,Jackson Oommen
Urvashi Talwar,9825404060,urvashi.talwar@gmail.com,CSE24419,1,1,B+,Faqid Talwar
Abdul Mallick,7941948115,abdul.mallick@gmail.com,CE24420,4,5,B+,Advik Mallick
Libni Badal,7947948210,libni.badal@gmail.com,CE24421,1,5,B,Wriddhish Badal
Gayathri Jha,7939155154,gayathri.jha@gmail.com,IT24422,1,2,B+,Bachittar Jha
Nandini Mane,7650784598,nandini.mane@gmail.com,AI24423,1,3,A+,Sarthak Mane
Samaksh Tank,9038492941,samaksh.tank@gmail.com,AI24424,2,3,A+,Krish Tank
Amaira Mukhopadhyay,7228189324,amaira.mukhopadhyay@gmail.com,CE24425,5,5,A,Farhan Mukhopadhyay
Maanas Sachar,9129107481,maanas.sachar@gmail.com,AI24426,2,3,B,Banjeet Sachar
Madhav Sen,9704764771,madhav.sen@gmail.com,ME24427,5,4,A,Robert Sen
Ubika Wali,7690208538,ubika.wali@gmail.com,ME24428,3,4,B,Simon Wali
Dayamai Krishnamurthy,7693704413,dayamai.krishnamurthy@gmail.com,CSE24429,3,1,B,Wazir Krishnamurthy
Ethan Gaba,9199746431,ethan.gaba@gmail.com,IT24430,1,2,B+,Balhaar Gaba
Manbir Baral,7355756271,manbir.baral@gmail.com,ME24431,6,4,C,Ishwar Baral
Warda Kota,8896792816,warda.kota@gmail.com,CSE24432,3,1,B,Zayyan Kota
Logan Kumer,9079494628,logan.kumer@gmail.com,AI24433,7,3,B+,Samarth Kumer
Arya Jani,7911642475,arya.jani@gmail.com,CSE24434,1,1,B,Azad Jani
Januja Raval,9299395302,januja.raval@gmail.com,CE24435,2,5,A+,Hritik Raval
Tripti Srivastava,9715032692,tripti.srivastava@gmail.com,CE24436,7,5,C,Victor Srivastava
Dayamai Mann,8077514631,dayamai.mann@gmail.com,CSE24437,6,1,A,Qarin Mann
Radha Balan,8257434870,radha.balan@gmail.com,AI24438,4,3,A+,Wriddhish Balan
Bhavna Narasimhan,9532302762,bhavna.narasimhan@gmail.com,IT24439,7,2,A,Hitesh Narasimhan
Saksham Savant,7233664137,saksham.savant@gmail.com,ME24440,1,4,B,Jeet Savant
Reva Ganesan,9833846615,reva.ganesan@gmail.com,CE24441,8,5,B,Tanay Ganesan
Vivaan Manda,9385337987,vivaan.manda@gmail.com,CE24442,1,5,B,Samar Manda
Samesh Luthra,7468593821,samesh.luthra@gmail.com,AI24443,8,3,B+,Tanveer Luthra
Shivani Lall,8956054896,shivani.lall@gmail.com,CE24444,4,5,B+,Nihal Lall
Darika Acharya,8738051709,darika.acharya@gmail.com,CE24445,7,5,B+,Girish Acharya
Aryan Vig,8444010631,aryan.vig@gmail.com,AI24446,8,3,A,Dalbir Vig
Lavanya Buch,7094827942,lavanya.buch@gmail.com,AI24447,6,3,B+,Chandran Buch
Ridhi Koshy,9721839333,ridhi.koshy@gmail.com,CSE24448,5,1,B+,Jairaj Koshy
Libni Lalla,9465807605,libni.lalla@gmail.com,IT24449,6,2,C,Daksh Lalla
Adweta Sachdeva,8437740325,adweta.sachdeva@gmail.com,CE24450,2,5,C,Ranbir Sachdeva
Nirja Khanna,9967912361,nirja.khanna@gmail.com,ME24451,7,4,A+,Mitesh Khanna
Onkar Yogi,8556382062,onkar.yogi@gmail.com,AI24452,7,3,A,Chandran Yogi
Widisha Ramachandran,8073851763,widisha.ramachandran@gmail.com,CE24453,6,5,C,Yuvraj Ramachandran
Kiaan Lalla,8705708599,kiaan.lalla@gmail.com,ME24454,6,4,B,Patrick Lalla
Jonathan Char,9330517913,jonathan.char@gmail.com,CSE24455,6,1,C,Nitesh Char
Hardik Goda,8299357415,hardik.goda@gmail.com,AI24456,8,3,B,Agastya Goda
Daksha Apte,7245541982,daksha.apte@gmail.com,IT24457,3,2,A+,Gopal Apte
Rayaan Mall,7190040385,rayaan.mall@gmail.com,IT24458,4,2,B,Vincent Mall
Anusha Gole,7364072693,anusha.gole@gmail.com,ME24459,2,4,B,Harish Gole
Upkaar Salvi,7339449542,upkaar.salvi@gmail.com,AI24460,5,3,A,Arin Salvi
Tamanna Sastry,9482677740,tamanna.sastry@gmail.com,CSE24461,2,1,B,Maanas Sastry
Vasana Sodhi,9136085761,vasana.sodhi@gmail.com,ME24462,7,4,A+,Ansh Sodhi
Rishi Soman,8917111725,rishi.soman@gmail.com,ME24463,1,4,B,Nachiket Soman
Peter Khare,9516328117,peter.khare@gmail.com,IT24464,4,2,B,Nitesh Khare
Vamakshi Sule,7911183442,vamakshi.sule@gmail.com,AI24465,6,3,A,Laban Sule
Gauri Manda,8494719334,gauri.manda@gmail.com,CE24466,6,5,B+,Rushil Manda
Fiyaz Barman,8874646200,fiyaz.barman@gmail.com,CE24467,8,5,A,Tristan Barman
Yash Wason,8855082619,yash.wason@gmail.com,ME24468,7,4,A,Darsh Wason
Omya Sethi,8322529929,omya.sethi@gmail.com,AI24469,4,3,B,Rishi Sethi
Dominic Shere,9464847949,dominic.shere@gmail.com,CSE24470,6,1,A+,Orinder Shere
Bhanumati Virk,9411782691,bhanumati.virk@gmail.com,CE24471,2,5,A+,Pranav Virk
Ekbal Narang,7676804253,ekbal.narang@gmail.com,AI24472,1,3,B+,Ojas Narang
Nirja Khalsa,8860396017,nirja.khalsa@gmail.com,IT24473,7,2,A,Chaitanya Khalsa
Yadavi Kannan,8875064202,yadavi.kannan@gmail.com,CSE24474,5,1,C,Sai Kannan
Gaurang Kala,7130872362,gaurang.kala@gmail.com,CSE24475,3,1,C,Ethan Kala
Aashi Ratti,9741612971,aashi.ratti@gmail.com,IT24476,3,2,B,Faraj Ratti
Wridesh Bora,7699144657,wridesh.bora@gmail.com,IT24477,3,2,B,Abeer Bora
Advaith Chaudhary,7674440678,advaith.chaudhary@gmail.com,CE24478,1,5,C,Laksh Chaudhary
Shivani Mammen,7138660596,shivani.mammen@gmail.com,CSE24479,8,1,C,Tristan Mammen
Chakradev Narasimhan,8902032072,chakradev.narasimhan@gmail.com,AI24480,3,3,B,Tanay Narasimhan
Manan Bumb,9545798480,manan.bumb@gmail.com,ME24481,3,4,A+,Tarak Bumb
Unni Kothari,9260193797,unni.kothari@gmail.com,AI24482,4,3,B+,Naveen Kothari
Nitesh Sridhar,7229055902,nitesh.sridhar@gmail.com,CE24483,5,5,B+,Viraj Sridhar
Saumya Kannan,7503096485,saumya.kannan@gmail.com,IT24484,7,2,B+,Noah Kannan
Kalpit Iyer,7938075799,kalpit.iyer@gmail.com,ME24485,6,4,B,Warjas Iyer
Samar Puri,9780701827,samar.puri@gmail.com,ME24486,1,4,B,Karan Puri
Eesha Dua,8683150416,eesha.dua@gmail.com,ME24487,4,4,A+,Jai Dua
Jhalak Badami,9046507248,jhalak.badami@gmail.com,AI24488,8,3,A+,Onkar Badami
Mitesh Dasgupta,7111965725,mitesh.dasgupta@gmail.com,ME24489,3,4,C,Jatin Dasgupta
Yashvi Sandhu,9197238867,yashvi.sandhu@gmail.com,CSE24490,6,1,B+,Ranveer Sandhu
Advika Bail,7832965336,advika.bail@gmail.com,CSE24491,7,1,C,Brijesh Bail
Falak Kalla,9492988904,falak.kalla@gmail.com,IT24492,6,2,B,Timothy Kalla
Rohan Hari,9385888899,rohan.hari@gmail.com,AI24493,3,3,B+,Andrew Hari
Reyansh Ravel,9564839560,reyansh.ravel@gmail.com,ME24494,1,4,C,Onveer Ravel
Meera Thaman,7722323885,meera.thaman@gmail.com,IT24495,6,2,A,Darpan Thaman
Vasudha Savant,8696086375,vasudha.savant@gmail.com,ME24496,8,4,A+,George Savant
Eiravati Mangat,8945378136,eiravati.mangat@gmail.com,AI24497,6,3,A+,Yatan Mangat
Parth Suri,8060721006,parth.suri@gmail.com,CE24498,2,5,A,Vincent Suri
Januja Dhaliwal,8849606686,januja.dhaliwal@gmail.com,CE24499,6,5,B,Wazir Dhaliwal
Gaurika Bhatt,8712058142,gaurika.bhatt@gmail.com,AI24500,4,3,A+,Tejas Bhatt
