student_name,student_contact,student_email,roll_no,semester,department,department_id,grade,father_name
Arunima Raval,7451491491,arunima.raval@gmail.com,CSE24001,4,CSE,1,B+,Finn Raval
Fiyaz Chahal,9838088205,fiyaz.chahal@gmail.com,CSE24002,6,CSE,1,A+,Harrison Chahal
Laksh Kota,7476758236,laksh.kota@gmail.com,ME24003,4,ME,4,B,Tanay Kota
Urishilla Basak,8629225397,urishilla.basak@gmail.com,IT24004,2,IT,2,A,Yuvraj Basak
Zayyan Mitra,9645889686,zayyan.mitra@gmail.com,AI24005,6,AI,3,A+,Chakradev Mitra
Jyoti Sheth,7085820623,jyoti.sheth@gmail.com,CE24006,1,CE,5,C,David Sheth
Farhan Buch,9707203594,farhan.buch@gmail.com,CE24007,1,CE,5,B+,Akshay Buch
Balhaar Grewal,7812689660,balhaar.grewal@gmail.com,IT24008,1,IT,2,B,Chakradev Grewal
Fiyaz Basak,7963498331,fiyaz.basak@gmail.com,ME24009,4,ME,4,A+,Charles Basak
Bachittar Chawla,9472915273,bachittar.chawla@gmail.com,AI24010,7,AI,3,A,Samesh Chawla
Finn Ramaswamy,7341366269,finn.ramaswamy@gmail.com,AI24011,8,AI,3,A,Ojas Ramaswamy
Radhika Khurana,7116907367,radhika.khurana@gmail.com,CSE24012,7,CSE,1,A+,Qadim Khurana
Ishita Sane,8553491697,ishita.sane@gmail.com,ME24013,6,ME,4,A+,Luke Sane
Madhavi Srinivas,7808790048,madhavi.srinivas@gmail.com,AI24014,4,AI,3,A+,Onkar Srinivas
Damini Dayal,8532671668,damini.dayal@gmail.com,CE24015,4,CE,5,A,Yagnesh Dayal
Rachit Tripathi,8462311260,rachit.tripathi@gmail.com,CE24016,4,CE,5,A+,Azad Tripathi
Sudiksha Mandal,8217604903,sudiksha.mandal@gmail.com,ME24017,2,ME,4,C,Luke Mandal
Theodore Sant,9687994794,theodore.sant@gmail.com,ME24018,3,ME,4,C,Jai Sant
Krishna Bhalla,9930011762,krishna.bhalla@gmail.com,IT24019,3,IT,2,B,Hredhaan Bhalla
Fiyaz Vyas,7689252350,fiyaz.vyas@gmail.com,CSE24020,1,CSE,1,B+,Naveen Vyas
Christopher Kari,7213788978,christopher.kari@gmail.com,ME24021,7,ME,4,B+,Parth Kari
Meera Palla,7478052412,meera.palla@gmail.com,CSE24022,8,CSE,1,B,Gopal Palla
Mitali Rattan,9390126912,mitali.rattan@gmail.com,IT24023,1,IT,2,A,Krishna Rattan
Advika Mangal,8150127918,advika.mangal@gmail.com,ME24024,1,ME,4,B,Caleb Mangal
Tanmayi Bail,9505051160,tanmayi.bail@gmail.com,ME24025,5,ME,4,B+,Nathan Bail
Fiyaz Comar,9125964477,fiyaz.comar@gmail.com,IT24026,5,IT,2,A+,Jack Comar
Forum Walla,8878967193,forum.walla@gmail.com,IT24027,4,IT,2,B,Henry Walla
Falguni Kalita,8360108890,falguni.kalita@gmail.com,IT24028,3,IT,2,A+,Veer Kalita
Saksham Buch,7401511090,saksham.buch@gmail.com,CE24029,8,CE,5,B,Amol Buch
Chaaya Suresh,7000383423,chaaya.suresh@gmail.com,ME24030,2,ME,4,A+,Vincent Suresh
Avni Dyal,7649837185,avni.dyal@gmail.com,AI24031,3,AI,3,B,Agastya Dyal
Sai Sekhon,9658046013,sai.sekhon@gmail.com,IT24032,1,IT,2,B,Matthew Sekhon
Yashodhara Suri,8463887653,yashodhara.suri@gmail.com,AI24033,3,AI,3,B,Agastya Suri
Irya Aurora,8620653956,irya.aurora@gmail.com,CSE24034,2,CSE,1,B,Onveer Aurora
Hemangini Srinivasan,7427874827,hemangini.srinivasan@gmail.com,IT24035,8,IT,2,C,Mohammed Srinivasan
Yutika Majumdar,9315070419,yutika.majumdar@gmail.com,IT24036,1,IT,2,C,Michael Majumdar
Veda Gopal,7364353445,veda.gopal@gmail.com,ME24037,3,ME,4,B,Ayush Gopal
Adweta Kalla,9510179037,adweta.kalla@gmail.com,CSE24038,8,CSE,1,B+,Praneel Kalla
Gunbir Peri,9706211188,gunbir.peri@gmail.com,CE24039,5,CE,5,C,Amol Peri
Benjamin Bajwa,9436552674,benjamin.bajwa@gmail.com,AI24040,5,AI,3,A,Laksh Bajwa
Gopal Batta,8037014484,gopal.batta@gmail.com,CE24041,2,CE,5,A+,Neel Batta
Chanchal Khatri,8124199255,chanchal.khatri@gmail.com,CSE24042,1,CSE,1,C,Oliver Khatri
Tarak Dasgupta,7940488683,tarak.dasgupta@gmail.com,ME24043,3,ME,4,A+,Ekavir Dasgupta
Kabir Ramesh,8340846336,kabir.ramesh@gmail.com,AI24044,3,AI,3,A+,Ikbal Ramesh
Jonathan Din,9539868663,jonathan.din@gmail.com,ME24045,6,ME,4,A+,Ayush Din
Saanvi Soman,7025788365,saanvi.soman@gmail.com,CE24046,5,CE,5,A+,Charan Soman
Yashica Dayal,9143988034,yashica.dayal@gmail.com,CE24047,6,CE,5,A+,Qasim Dayal
Shivansh Reddy,9913456011,shivansh.reddy@gmail.com,ME24048,1,ME,4,A,Balhaar Reddy
Omkaar Prasad,8156598930,omkaar.prasad@gmail.com,CE24049,2,CE,5,A,Banjeet Prasad
Alexander Rastogi,7292420667,alexander.rastogi@gmail.com,CE24050,1,CE,5,C,Daksh Rastogi
Laban Rattan,7693326019,laban.rattan@gmail.com,CSE24051,1,CSE,1,C,Guneet Rattan
Caleb Chacko,9905909330,caleb.chacko@gmail.com,CSE24052,7,CSE,1,A+,Samesh Chacko
Amara Palla,8393734852,amara.palla@gmail.com,AI24053,3,AI,3,C,Ethan Palla
Champak Badami,9470673317,champak.badami@gmail.com,ME24054,4,ME,4,C,Krishna Badami
Jasmit Kari,7755455771,jasmit.kari@gmail.com,CE24055,8,CE,5,C,Nihal Kari
Divya Kant,7519373325,divya.kant@gmail.com,ME24056,3,ME,4,A,Abhimanyu Kant
Varsha Nagy,8575019228,varsha.nagy@gmail.com,CE24057,6,CE,5,A,Rishi Nagy
Baghyawati Narayan,7189906804,baghyawati.narayan@gmail.com,CSE24058,5,CSE,1,A+,Dakshesh Narayan
Anmol Khanna,7256746038,anmol.khanna@gmail.com,CSE24059,1,CSE,1,C,Jason Khanna
Chatresh Barad,9354580425,chatresh.barad@gmail.com,CSE24060,2,CSE,1,A+,Finn Barad
Ikbal Bhatt,8582704595,ikbal.bhatt@gmail.com,CSE24061,5,CSE,1,A,Robert Bhatt
Chakradhar Vig,9454904158,chakradhar.vig@gmail.com,AI24062,1,AI,3,C,Tanay Vig
Ucchal Desai,9228613240,ucchal.desai@gmail.com,IT24063,3,IT,2,B+,Nachiket Desai
Bina Chowdhury,7418355915,bina.chowdhury@gmail.com,CSE24064,8,CSE,1,A+,Advay Chowdhury
Owen Gokhale,7204882454,owen.gokhale@gmail.com,CSE24065,7,CSE,1,B,Teerth Gokhale
Urmi Babu,9154936073,urmi.babu@gmail.com,CSE24066,4,CSE,1,B+,Manthan Babu
Aditya Edwin,8830017583,aditya.edwin@gmail.com,ME24067,3,ME,4,B+,Chakradhar Edwin
Anay Zachariah,9999619322,anay.zachariah@gmail.com,ME24068,4,ME,4,B,Liam Zachariah
Vivaan Thakur,8744619511,vivaan.thakur@gmail.com,CSE24069,2,CSE,1,C,Patrick Thakur
Dhruv Guha,9589406984,dhruv.guha@gmail.com,CSE24070,2,CSE,1,B,Pranit Guha
Jacob Chaudry,7282778422,jacob.chaudry@gmail.com,CSE24071,5,CSE,1,B,Faraj Chaudry
Ojas Ramachandran,7416650420,ojas.ramachandran@gmail.com,ME24072,8,ME,4,A+,Kabir Ramachandran
Yashodhara Krish,8761969213,yashodhara.krish@gmail.com,CSE24073,5,CSE,1,C,Qabil Krish
Priya Mahal,7519364002,priya.mahal@gmail.com,CSE24074,3,CSE,1,A,Hritik Mahal
Unnati Mohanty,9173293646,unnati.mohanty@gmail.com,AI24075,2,AI,3,B+,Charles Mohanty
Nicholas Walla,7749564146,nicholas.walla@gmail.com,AI24076,1,AI,3,A+,Max Walla
Mugdha Subramaniam,9485070655,mugdha.subramaniam@gmail.com,AI24077,4,AI,3,A,Rudra Subramaniam
Hiral Ahluwalia,8374318664,hiral.ahluwalia@gmail.com,IT24078,6,IT,2,C,Ronith Ahluwalia
Rohan Kulkarni,7696790099,rohan.kulkarni@gmail.com,CSE24079,8,CSE,1,A,Vedant Kulkarni
Avi Choudhry,7022813922,avi.choudhry@gmail.com,CSE24080,3,CSE,1,A+,Benjamin Choudhry
Umang Sandhu,7858861652,umang.sandhu@gmail.com,AI24081,3,AI,3,B+,Anthony Sandhu
Irya Kala,9847375582,irya.kala@gmail.com,CSE24082,4,CSE,1,B,Ronith Kala
Qasim Murty,9663531924,qasim.murty@gmail.com,CE24083,6,CE,5,B+,Fiyaz Murty
Inaya Bandi,7539395692,inaya.bandi@gmail.com,CSE24084,7,CSE,1,B+,Yuvraj Bandi
Isaiah Narayan,7386931403,isaiah.narayan@gmail.com,IT24085,8,IT,2,A,Gagan Narayan
Aayush Mittal,9819140382,aayush.mittal@gmail.com,IT24086,8,IT,2,A+,Ekalinga Mittal
Tanveer Gandhi,7923613353,tanveer.gandhi@gmail.com,ME24087,3,ME,4,C,Tristan Gandhi
Pratyush Chaudhary,8842262248,pratyush.chaudhary@gmail.com,CSE24088,1,CSE,1,B,Yatin Chaudhary
Anirudh Ratti,9318366623,anirudh.ratti@gmail.com,CE24089,6,CE,5,A+,Champak Ratti
Ira Bains,8921932039,ira.bains@gmail.com,CE24090,7,CE,5,A+,Theodore Bains
Libni Contractor,7680941896,libni.contractor@gmail.com,AI24091,3,AI,3,B,Pranav Contractor
Kiaan Dash,7483537931,kiaan.dash@gmail.com,IT24092,1,IT,2,C,Timothy Dash
Banjeet Balasubramanian,8998434808,banjeet.balasubramanian@gmail.com,CSE24093,7,CSE,1,B,Faris Balasubramanian
Vanya Das,9423282749,vanya.das@gmail.com,CSE24094,4,CSE,1,C,Andrew Das
Logan Patil,8450510331,logan.patil@gmail.com,CE24095,6,CE,5,B+,Oliver Patil
Aarna Wason,9949872272,aarna.wason@gmail.com,CE24096,2,CE,5,A+,Avi Wason
Ekapad Char,9051931425,ekapad.char@gmail.com,ME24097,8,ME,4,C,Tristan Char
Keya Bhat,7966593275,keya.bhat@gmail.com,CE24098,1,CE,5,C,Gabriel Bhat
Upkaar Parmer,7586693947,upkaar.parmer@gmail.com,CSE24099,1,CSE,1,C,Viraj Parmer
Ekavir Deol,9091101666,ekavir.deol@gmail.com,AI24100,8,AI,3,A+,Ayush Deol
Nathan Sandhu,8691232167,nathan.sandhu@gmail.com,AI24101,2,AI,3,C,Sathvik Sandhu
Ijaya Baral,7079734522,ijaya.baral@gmail.com,CSE24102,8,CSE,1,B+,Kai Baral
Omkaar Dua,8506633733,omkaar.dua@gmail.com,ME24103,2,ME,4,A+,George Dua
Frederick Sundaram,7253744931,frederick.sundaram@gmail.com,IT24104,7,IT,2,C,Bakhshi Sundaram
Orinder Nath,8213845234,orinder.nath@gmail.com,CSE24105,3,CSE,1,A,Dakshesh Nath
Eiravati Reddy,9087349845,eiravati.reddy@gmail.com,CSE24106,5,CSE,1,C,Dakshesh Reddy
Dominic Swamy,8915592099,dominic.swamy@gmail.com,AI24107,3,AI,3,A+,Ayush Swamy
Yatan Memon,9276800221,yatan.memon@gmail.com,CE24108,4,CE,5,B+,Dominic Memon
Wishi Shetty,7923167330,wishi.shetty@gmail.com,CSE24109,4,CSE,1,A+,Charan Shetty
Isaac Virk,9456108207,isaac.virk@gmail.com,CSE24110,7,CSE,1,B+,Ikbal Virk
Ekapad Mannan,8849295912,ekapad.mannan@gmail.com,IT24111,1,IT,2,A+,Pratyush Mannan
Waida Dutta,7802615953,waida.dutta@gmail.com,AI24112,6,AI,3,A+,Jatin Dutta
Avni Prabhakar,8882543798,avni.prabhakar@gmail.com,IT24113,2,IT,2,B,Yash Prabhakar
Kevin Mannan,8498472581,kevin.mannan@gmail.com,AI24114,6,AI,3,B,Luke Mannan
Azaan Mishra,9094777209,azaan.mishra@gmail.com,ME24115,6,ME,4,C,Fiyaz Mishra
Gopal Parekh,7482192566,gopal.parekh@gmail.com,IT24116,5,IT,2,A,Yash Parekh
Gautami Kannan,7710601351,gautami.kannan@gmail.com,AI24117,5,AI,3,A,Samesh Kannan
Ubika Mani,7000846906,ubika.mani@gmail.com,CE24118,4,CE,5,A,Laksh Mani
Gunbir Dara,9436809106,gunbir.dara@gmail.com,CE24119,4,CE,5,C,Jagat Dara
Falan Sahota,9910446485,falan.sahota@gmail.com,ME24120,6,ME,4,C,Jagdish Sahota
Ojasvi Chahal,8790523861,ojasvi.chahal@gmail.com,CSE24121,7,CSE,1,B,Lohit Chahal
Lajita Mody,7077020725,lajita.mody@gmail.com,AI24122,4,AI,3,A+,Ranveer Mody
Krishna Bora,9755766037,krishna.bora@gmail.com,CE24123,4,CE,5,A,Faras Bora
Gagan Bahl,9791359539,gagan.bahl@gmail.com,ME24124,8,ME,4,A+,Udant Bahl
Tamanna Kurian,9233727917,tamanna.kurian@gmail.com,CSE24125,2,CSE,1,A+,Umang Kurian
Anvi Guha,7564226818,anvi.guha@gmail.com,IT24126,2,IT,2,A,Ekaraj Guha
Ansh Panchal,8351466009,ansh.panchal@gmail.com,CSE24127,7,CSE,1,A,Rohan Panchal
Tristan Bhatnagar,8545442464,tristan.bhatnagar@gmail.com,ME24128,3,ME,4,C,Farhan Bhatnagar
Champak Yogi,8785843329,champak.yogi@gmail.com,ME24129,6,ME,4,B+,Andrew Yogi
Darsh Bail,9598122296,darsh.bail@gmail.com,IT24130,6,IT,2,C,Rohan Bail
Kala Sani,7198601843,kala.sani@gmail.com,IT24131,6,IT,2,C,Dhruv Sani
Abha Bahri,8893744591,abha.bahri@gmail.com,CSE24132,8,CSE,1,A+,Tarak Bahri
Noah Venkatesh,8817112541,noah.venkatesh@gmail.com,CSE24133,2,CSE,1,B+,Ekansh Venkatesh
Kavya Pingle,7372564420,kavya.pingle@gmail.com,AI24134,6,AI,3,A,Nitesh Pingle
Sneha Madan,9449139045,sneha.madan@gmail.com,CSE24135,7,CSE,1,A+,Fitan Madan
Nathan Nigam,7240947761,nathan.nigam@gmail.com,ME24136,5,ME,4,C,Samesh Nigam
Warjas Chacko,7228743927,warjas.chacko@gmail.com,CSE24137,7,CSE,1,C,Samaksh Chacko
Pallavi Wadhwa,9418037709,pallavi.wadhwa@gmail.com,CE24138,3,CE,5,C,Kabir Wadhwa
Balveer Ghosh,9422756218,balveer.ghosh@gmail.com,IT24139,8,IT,2,A,Nathan Ghosh
Vivaan Om,8571931969,vivaan.om@gmail.com,AI24140,2,AI,3,C,Samaksh Om
Rayaan Sant,8394827585,rayaan.sant@gmail.com,IT24141,3,IT,2,C,Jonathan Sant
Anay Ramachandran,7847557374,anay.ramachandran@gmail.com,IT24142,3,IT,2,B+,David Ramachandran
Anvi Chhabra,8428191576,anvi.chhabra@gmail.com,AI24143,5,AI,3,A,Faras Chhabra
Yahvi Munshi,7076379395,yahvi.munshi@gmail.com,ME24144,4,ME,4,A+,Abhiram Munshi
Jagdish Srinivasan,9197526406,jagdish.srinivasan@gmail.com,CE24145,6,CE,5,C,Balendra Srinivasan
Zayan Dayal,8064226003,zayan.dayal@gmail.com,IT24146,2,IT,2,A,Girik Dayal
Devansh Suri,9407974348,devansh.suri@gmail.com,IT24147,5,IT,2,C,Sathvik Suri
Jeet Kant,7864344778,jeet.kant@gmail.com,AI24148,8,AI,3,B+,Siddharth Kant
Ronith Gaba,9766313165,ronith.gaba@gmail.com,CE24149,4,CE,5,A+,Jai Gaba
Tara Dhingra,8249754903,tara.dhingra@gmail.com,CSE24150,3,CSE,1,A,Darpan Dhingra
Abhiram Sarma,7762212688,abhiram.sarma@gmail.com,CE24151,5,CE,5,A,Qadim Sarma
Isaiah Gandhi,9775799463,isaiah.gandhi@gmail.com,IT24152,8,IT,2,A,Dhruv Gandhi
Falguni Nagi,7561853993,falguni.nagi@gmail.com,ME24153,4,ME,4,B+,Zehaan Nagi
Eesha Naik,9499914103,eesha.naik@gmail.com,CSE24154,2,CSE,1,B,Ryan Naik
Ati Comar,8087915066,ati.comar@gmail.com,CSE24155,2,CSE,1,B+,Zehaan Comar
Xiti Lal,8844755695,xiti.lal@gmail.com,CE24156,6,CE,5,C,Nicholas Lal
Gauri Ravel,7569088540,gauri.ravel@gmail.com,IT24157,3,IT,2,A,Siddharth Ravel
Kritika Ahluwalia,8652577305,kritika.ahluwalia@gmail.com,AI24158,3,AI,3,B+,Yug Ahluwalia
Shivansh More,7034672239,shivansh.more@gmail.com,CSE24159,6,CSE,1,A+,Sathvik More
Ikshita Joshi,8305024312,ikshita.joshi@gmail.com,IT24160,7,IT,2,B,Andrew Joshi
Anamika Bumb,7848988673,anamika.bumb@gmail.com,IT24161,6,IT,2,B+,Chatresh Bumb
Jason Bawa,9463231376,jason.bawa@gmail.com,IT24162,5,IT,2,B,Jagat Bawa
Chameli Bumb,9094305362,chameli.bumb@gmail.com,CSE24163,4,CSE,1,A+,Jagat Bumb
Wakeeta Ramaswamy,7983425502,wakeeta.ramaswamy@gmail.com,IT24164,5,IT,2,A+,Ekbal Ramaswamy
Gautam Rao,8748115468,gautam.rao@gmail.com,IT24165,5,IT,2,A+,Daniel Rao
Aradhana Dhingra,8580567158,aradhana.dhingra@gmail.com,ME24166,7,ME,4,B+,Samaksh Dhingra
Dev Narayanan,9648395796,dev.narayanan@gmail.com,AI24167,4,AI,3,C,Jagdish Narayanan
Vasana Saxena,7736390406,vasana.saxena@gmail.com,CE24168,2,CE,5,A+,Champak Saxena
Kalpit Gade,8790162402,kalpit.gade@gmail.com,CSE24169,6,CSE,1,A,Jeet Gade
Girik Saran,8819916099,girik.saran@gmail.com,CSE24170,4,CSE,1,B+,Thomas Saran
Aahana Murthy,9058454927,aahana.murthy@gmail.com,IT24171,7,IT,2,A+,Ansh Murthy
Odika Chaudry,9597494146,odika.chaudry@gmail.com,AI24172,3,AI,3,B,Harshil Chaudry
Advik Sama,7633257201,advik.sama@gmail.com,ME24173,5,ME,4,B,Aarush Sama
Hemang Sankaran,8013873513,hemang.sankaran@gmail.com,IT24174,6,IT,2,A+,Shaurya Sankaran
Lopa Sunder,7737315382,lopa.sunder@gmail.com,CE24175,6,CE,5,A+,William Sunder
Oscar Banik,7286412985,oscar.banik@gmail.com,IT24176,3,IT,2,A+,Avi Banik
Priya Jani,8250487434,priya.jani@gmail.com,ME24177,2,ME,4,C,Harshil Jani
Vritti Barad,8238179263,vritti.barad@gmail.com,ME24178,3,ME,4,B+,Aadi Barad
Chakradhar Natt,8620912769,chakradhar.natt@gmail.com,ME24179,7,ME,4,B,Ranveer Natt
Darika Chacko,7101365767,darika.chacko@gmail.com,IT24180,2,IT,2,B+,Arin Chacko
Shivansh Parsa,8402646686,shivansh.parsa@gmail.com,ME24181,5,ME,4,B+,Christopher Parsa
Nidhi Gandhi,8667176312,nidhi.gandhi@gmail.com,ME24182,2,ME,4,C,Elijah Gandhi
Benjamin Doshi,9262795057,benjamin.doshi@gmail.com,CE24183,5,CE,5,B+,Chatresh Doshi
Sanya Modi,9945540504,sanya.modi@gmail.com,CSE24184,7,CSE,1,A,Orinder Modi
Vedika Konda,9853940008,vedika.konda@gmail.com,IT24185,1,IT,2,C,Vincent Konda
Barkha Khosla,7649947273,barkha.khosla@gmail.com,ME24186,7,ME,4,C,Hitesh Khosla
Yutika Randhawa,8845325949,yutika.randhawa@gmail.com,AI24187,2,AI,3,B,Ekalinga Randhawa
Tarak Pandya,7112836449,tarak.pandya@gmail.com,ME24188,1,ME,4,C,Jatin Pandya
Naveen Khatri,9349788971,naveen.khatri@gmail.com,ME24189,1,ME,4,B,Frederick Khatri
Kai Shukla,8505578368,kai.shukla@gmail.com,AI24190,2,AI,3,B,Lohit Shukla
Mohammed Murthy,7063826308,mohammed.murthy@gmail.com,ME24191,7,ME,4,B+,Abeer Murthy
Vidhi Shankar,9082657139,vidhi.shankar@gmail.com,ME24192,5,ME,4,C,Wazir Shankar
Kashish Dhingra,7114591229,kashish.dhingra@gmail.com,CE24193,2,CE,5,B+,Sai Dhingra
Devika Sridhar,9194480837,devika.sridhar@gmail.com,AI24194,2,AI,3,B,Banjeet Sridhar
Tripti Panchal,8155761503,tripti.panchal@gmail.com,AI24195,8,AI,3,A+,Aditya Panchal
Arjun Agate,9101866113,arjun.agate@gmail.com,AI24196,5,AI,3,C,Anirudh Agate
Utkarsh Barman,9081534754,utkarsh.barman@gmail.com,CSE24197,2,CSE,1,C,Reyansh Barman
Riya Borde,8825487440,riya.borde@gmail.com,CE24198,6,CE,5,A+,Pranit Borde
Charan Dube,9990626008,charan.dube@gmail.com,ME24199,6,ME,4,B+,Warjas Dube
Upasna Wason,8522355099,upasna.wason@gmail.com,AI24200,1,AI,3,B,Orinder Wason
Qasim Wagle,9382189371,qasim.wagle@gmail.com,ME24201,4,ME,4,B,Upkaar Wagle
Tristan Mitra,7009659348,tristan.mitra@gmail.com,ME24202,8,ME,4,B+,Faras Mitra
Darpan Agate,9501556007,darpan.agate@gmail.com,CSE24203,1,CSE,1,A,Ayush Agate
Rajata Mahal,8759744047,rajata.mahal@gmail.com,AI24204,1,AI,3,A+,Daksh Mahal
Jeremiah Ranganathan,9006736377,jeremiah.ranganathan@gmail.com,CSE24205,6,CSE,1,A,Yash Ranganathan
Zayyan Rau,7539850903,zayyan.rau@gmail.com,CE24206,3,CE,5,A+,Rohan Rau
Yachana Kulkarni,8335555239,yachana.kulkarni@gmail.com,CSE24207,5,CSE,1,C,Jackson Kulkarni
Yochana Varghese,9034459692,yochana.varghese@gmail.com,IT24208,8,IT,2,C,William Varghese
Ekapad Devi,9929863444,ekapad.devi@gmail.com,CE24209,3,CE,5,B,Harsh Devi
Nihal Parikh,8570178333,nihal.parikh@gmail.com,AI24210,4,AI,3,C,Rehaan Parikh
Krishna Zacharia,8837664695,krishna.zacharia@gmail.com,IT24211,8,IT,2,C,Lakshit Zacharia
Faraj Koshy,7758690877,faraj.koshy@gmail.com,AI24212,2,AI,3,C,Anirudh Koshy
Sneha Munshi,9736483646,sneha.munshi@gmail.com,AI24213,6,AI,3,A+,Faraj Munshi
Lavanya Balay,7528352949,lavanya.balay@gmail.com,CSE24214,2,CSE,1,B,Jonathan Balay
Charvi Dutt,7617194270,charvi.dutt@gmail.com,ME24215,3,ME,4,C,Amol Dutt
Hritik Upadhyay,9170515738,hritik.upadhyay@gmail.com,AI24216,2,AI,3,B,Aarav Upadhyay
Utkarsh Kumer,7571778055,utkarsh.kumer@gmail.com,AI24217,3,AI,3,B+,Alexander Kumer
Janaki Padmanabhan,9722288418,janaki.padmanabhan@gmail.com,IT24218,4,IT,2,B,Joshua Padmanabhan
Amrita Grover,8763308837,amrita.grover@gmail.com,IT24219,5,IT,2,B+,Peter Grover
Wishi Dani,9287068785,wishi.dani@gmail.com,AI24220,2,AI,3,B+,Xavier Dani
Rushil Krish,9124229053,rushil.krish@gmail.com,IT24221,3,IT,2,B,Benjamin Krish
Jeremiah Rajagopalan,9389024720,jeremiah.rajagopalan@gmail.com,CE24222,1,CE,5,A,Sathvik Rajagopalan
Gunbir Padmanabhan,7033017856,gunbir.padmanabhan@gmail.com,IT24223,6,IT,2,B+,Ekbal Padmanabhan
Yug Bora,9457188650,yug.bora@gmail.com,AI24224,2,AI,3,A,Kalpit Bora
Damini Palla,9972094594,damini.palla@gmail.com,CE24225,5,CE,5,A,Victor Palla
Sara Lalla,7595713843,sara.lalla@gmail.com,IT24226,3,IT,2,A,Ekbal Lalla
Yadavi Joshi,8934478974,yadavi.joshi@gmail.com,CSE24227,7,CSE,1,B,Pranit Joshi
Manya Chopra,7900804428,manya.chopra@gmail.com,ME24228,5,ME,4,B+,Balhaar Chopra
Champak Deshmukh,9342953878,champak.deshmukh@gmail.com,IT24229,8,IT,2,A+,Champak Deshmukh
Oscar Rastogi,7256294781,oscar.rastogi@gmail.com,CSE24230,5,CSE,1,C,Lucky Rastogi
Girik Panchal,9561668918,girik.panchal@gmail.com,AI24231,4,AI,3,C,Faraj Panchal
Irya Rege,8087791229,irya.rege@gmail.com,IT24232,3,IT,2,A+,Jagat Rege
Manthan Loyal,7926994065,manthan.loyal@gmail.com,CSE24233,7,CSE,1,A+,Hitesh Loyal
Kamya Oommen,9139698443,kamya.oommen@gmail.com,IT24234,1,IT,2,B,Arin Oommen
Yamini Master,8549343281,yamini.master@gmail.com,ME24235,8,ME,4,A,Robert Master
Damini Kata,8577286324,damini.kata@gmail.com,AI24236,4,AI,3,A,Aarush Kata
Parth Ram,8048497745,parth.ram@gmail.com,AI24237,4,AI,3,A,Harish Ram
Jagrati Vohra,9520131630,jagrati.vohra@gmail.com,CE24238,8,CE,5,B+,Nicholas Vohra
Oeshi Vyas,9392209375,oeshi.vyas@gmail.com,CE24239,7,CE,5,A+,Mohammed Vyas
Yashica Rajagopalan,8361555895,yashica.rajagopalan@gmail.com,IT24240,2,IT,2,B,Gaurav Rajagopalan
Veer Bains,7291044240,veer.bains@gmail.com,IT24241,8,IT,2,A+,Veer Bains
Anirudh Khanna,8849648198,anirudh.khanna@gmail.com,ME24242,5,ME,4,A+,Naveen Khanna
Neelima Balan,8718616339,neelima.balan@gmail.com,CE24243,2,CE,5,A,Vivaan Balan
Wahab Korpal,9434046647,wahab.korpal@gmail.com,CE24244,8,CE,5,C,Hredhaan Korpal
Aradhana Chaudhry,7654230804,aradhana.chaudhry@gmail.com,IT24245,7,IT,2,B,Balvan Chaudhry
Ati Kalla,9764023759,ati.kalla@gmail.com,ME24246,7,ME,4,B+,Jeremiah Kalla
Edhitha Toor,7409517342,edhitha.toor@gmail.com,ME24247,7,ME,4,A+,Chaitanya Toor
David Choudhary,8965178565,david.choudhary@gmail.com,ME24248,8,ME,4,B+,Onveer Choudhary
Harsh Nanda,7589730503,harsh.nanda@gmail.com,IT24249,7,IT,2,A,Kai Nanda
Kamya Kaur,8367806970,kamya.kaur@gmail.com,CSE24250,1,CSE,1,B,Ayush Kaur
Idika Gara,8157687996,idika.gara@gmail.com,ME24251,1,ME,4,B,Benjamin Gara
Jatin Savant,9114364040,jatin.savant@gmail.com,CSE24252,8,CSE,1,B,Laban Savant
Keya Madan,9263136305,keya.madan@gmail.com,CE24253,6,CE,5,B,Bachittar Madan
Ekantika Deo,9358418588,ekantika.deo@gmail.com,IT24254,1,IT,2,A+,Siddharth Deo
Ekansh Bose,9178823908,ekansh.bose@gmail.com,AI24255,2,AI,3,A,Nachiket Bose
Panini Magar,9965672794,panini.magar@gmail.com,CSE24256,5,CSE,1,C,Dakshesh Magar
Raghav Kunda,9284577240,raghav.kunda@gmail.com,ME24257,3,ME,4,A,Champak Kunda
Darpan Chakrabarti,7949843085,darpan.chakrabarti@gmail.com,CSE24258,2,CSE,1,C,Manbir Chakrabarti
Hiral Loyal,8732253950,hiral.loyal@gmail.com,AI24259,6,AI,3,B+,Omkaar Loyal
Bina Tiwari,7223810184,bina.tiwari@gmail.com,AI24260,5,AI,3,B,Ekalinga Tiwari
Gautami Kaul,9986716779,gautami.kaul@gmail.com,ME24261,6,ME,4,C,Jeremiah Kaul
Ojas Shere,9883644594,ojas.shere@gmail.com,ME24262,8,ME,4,B,Girindra Shere
Benjamin Golla,9586328912,benjamin.golla@gmail.com,CE24263,6,CE,5,A+,Jason Golla
Gunbir Randhawa,7791332872,gunbir.randhawa@gmail.com,AI24264,5,AI,3,C,Thomas Randhawa
Tripti Devan,8015756200,tripti.devan@gmail.com,CSE24265,1,CSE,1,A,Hardik Devan
Jagat Nazareth,9329924815,jagat.nazareth@gmail.com,CSE24266,2,CSE,1,A,Ansh Nazareth
Aahana Lala,9510549526,aahana.lala@gmail.com,AI24267,2,AI,3,A,Pratyush Lala
Inaya Handa,9775332320,inaya.handa@gmail.com,CE24268,7,CE,5,B,Robert Handa
Omisha Mane,9851259420,omisha.mane@gmail.com,ME24269,5,ME,4,B+,Hitesh Mane
Mahika Rajan,7986616044,mahika.rajan@gmail.com,CSE24270,7,CSE,1,A,Falan Rajan
Aradhana Magar,7086610325,aradhana.magar@gmail.com,ME24271,1,ME,4,B,Bachittar Magar
Umang Khatri,8868912573,umang.khatri@gmail.com,AI24272,5,AI,3,B+,Advay Khatri
Manya Mallick,7082040456,manya.mallick@gmail.com,ME24273,4,ME,4,A,Chandresh Mallick
Victor Reddy,7615758076,victor.reddy@gmail.com,AI24274,6,AI,3,C,Arjun Reddy
Chatura Sharaf,9146545324,chatura.sharaf@gmail.com,AI24275,6,AI,3,C,Maanav Sharaf
Kamala Agate,7181630116,kamala.agate@gmail.com,AI24276,2,AI,3,B+,Abeer Agate
Nihal Atwal,9512671322,nihal.atwal@gmail.com,ME24277,8,ME,4,B+,Falan Atwal
Pavani Ben,8183926530,pavani.ben@gmail.com,ME24278,6,ME,4,A,Manthan Ben
Varsha Kadakia,7670402813,varsha.kadakia@gmail.com,CSE24279,6,CSE,1,A+,Gopal Kadakia
Harinakshi Deep,8055045096,harinakshi.deep@gmail.com,AI24280,3,AI,3,C,Max Deep
Kavya Ramachandran,9686737534,kavya.ramachandran@gmail.com,IT24281,6,IT,2,A+,Oliver Ramachandran
Wakeeta Ratta,7124218598,wakeeta.ratta@gmail.com,IT24282,6,IT,2,A,Samesh Ratta
Nidhi Master,9067268800,nidhi.master@gmail.com,CSE24283,2,CSE,1,B+,Krish Master
Ekiya Shukla,8130070148,ekiya.shukla@gmail.com,IT24284,1,IT,2,A,Victor Shukla
Anvi Chokshi,8532211046,anvi.chokshi@gmail.com,CE24285,4,CE,5,A+,David Chokshi
Udyati Khosla,9653683044,udyati.khosla@gmail.com,AI24286,3,AI,3,C,Faris Khosla
Urvashi Sanghvi,7660343974,urvashi.sanghvi@gmail.com,CSE24287,5,CSE,1,B,Jonathan Sanghvi
Sachi Kibe,8811474723,sachi.kibe@gmail.com,AI24288,8,AI,3,B,Lakshit Kibe
Charvi Kota,7483817269,charvi.kota@gmail.com,CSE24289,5,CSE,1,C,Jagat Kota
Alka Sodhi,9732957927,alka.sodhi@gmail.com,CSE24290,4,CSE,1,A+,Matthew Sodhi
Liam Mukhopadhyay,7238132107,liam.mukhopadhyay@gmail.com,CE24291,4,CE,5,C,Kevin Mukhopadhyay
Akshay Narayan,8993228541,akshay.narayan@gmail.com,CE24292,3,CE,5,A,Christopher Narayan
Atharv Kala,8235718686,atharv.kala@gmail.com,CSE24293,7,CSE,1,A,Jagat Kala
Bhanumati Bhatia,7406835981,bhanumati.bhatia@gmail.com,AI24294,8,AI,3,B+,Elijah Bhatia
Kiaan Bala,7495667851,kiaan.bala@gmail.com,ME24295,7,ME,4,B+,Ekavir Bala
Alka Seth,9862032250,alka.seth@gmail.com,IT24296,1,IT,2,A,Kevin Seth
Amol Sidhu,9634218009,amol.sidhu@gmail.com,AI24297,2,AI,3,A+,Tanish Sidhu
Chanakya Chandran,7636926812,chanakya.chandran@gmail.com,CE24298,6,CE,5,C,Warinder Chandran
Faraj Khosla,9296950253,faraj.khosla@gmail.com,ME24299,4,ME,4,A+,Hemang Khosla
Darpan Wable,7405444142,darpan.wable@gmail.com,CE24300,8,CE,5,A,Pranit Wable
Champak Arya,8400357859,champak.arya@gmail.com,IT24301,8,IT,2,B+,Samuel Arya
Yashica Sura,7417829425,yashica.sura@gmail.com,ME24302,1,ME,4,C,Ansh Sura
Tristan Ganesh,8505748223,tristan.ganesh@gmail.com,ME24303,7,ME,4,B,Logan Ganesh
Yasti Bhavsar,8468860303,yasti.bhavsar@gmail.com,CE24304,4,CE,5,B,Teerth Bhavsar
Yuvraj Kanda,8767550411,yuvraj.kanda@gmail.com,IT24305,7,IT,2,B+,Sarthak Kanda
Urmi Nair,7916313618,urmi.nair@gmail.com,IT24306,2,IT,2,C,Mason Nair
Omaja Sood,9843080390,omaja.sood@gmail.com,ME24307,1,ME,4,B,Zaid Sood
Kritika Chakraborty,8903045917,kritika.chakraborty@gmail.com,CE24308,3,CE,5,B,Faris Chakraborty
Falak Deol,8936819014,falak.deol@gmail.com,IT24309,2,IT,2,B,Maanav Deol
Nandini Sengupta,8238833627,nandini.sengupta@gmail.com,CE24310,1,CE,5,C,Abeer Sengupta
Karan Sarna,7229456421,karan.sarna@gmail.com,IT24311,8,IT,2,C,Mohammed Sarna
Alexander Deep,9359172661,alexander.deep@gmail.com,AI24312,8,AI,3,C,Balveer Deep
Fitan Dhawan,7485133994,fitan.dhawan@gmail.com,CSE24313,6,CSE,1,B+,Ethan Dhawan
Ishwar Srinivas,7270668288,ishwar.srinivas@gmail.com,ME24314,7,ME,4,A,Darsh Srinivas
Pooja Tailor,8956039106,pooja.tailor@gmail.com,CSE24315,2,CSE,1,C,Tristan Tailor
Pallavi Aurora,8181160089,pallavi.aurora@gmail.com,CE24316,5,CE,5,B+,Baljiwan Aurora
Yashodhara Sarna,8466551294,yashodhara.sarna@gmail.com,AI24317,6,AI,3,A+,Madhav Sarna
Aarna Gala,7625345579,aarna.gala@gmail.com,CSE24318,3,CSE,1,A,Jatin Gala
Amrita Andra,7003838342,amrita.andra@gmail.com,ME24319,5,ME,4,C,Ishaan Andra
Chavvi Agrawal,9961839948,chavvi.agrawal@gmail.com,IT24320,4,IT,2,B,Baljiwan Agrawal
Adya Khare,7161219428,adya.khare@gmail.com,IT24321,2,IT,2,B+,Jairaj Khare
Anvi Luthra,9201173807,anvi.luthra@gmail.com,ME24322,1,ME,4,B,Lakshit Luthra
Aryan Chahal,7720731885,aryan.chahal@gmail.com,CSE24323,1,CSE,1,B,Jonathan Chahal
Turvi Buch,7166601802,turvi.buch@gmail.com,IT24324,3,IT,2,A+,Upkaar Buch
Oni Chowdhury,8585034902,oni.chowdhury@gmail.com,CSE24325,8,CSE,1,B,Vedant Chowdhury
Hredhaan Sachar,8584572052,hredhaan.sachar@gmail.com,IT24326,7,IT,2,B,Atharv Sachar
Ria Murty,7502183159,ria.murty@gmail.com,IT24327,2,IT,2,B,Fariq Murty
Sara Babu,9018973196,sara.babu@gmail.com,IT24328,1,IT,2,C,Aryan Babu
Ishanvi Kalla,8871104956,ishanvi.kalla@gmail.com,CSE24329,7,CSE,1,B+,Reyansh Kalla
Tanish Tripathi,9663777447,tanish.tripathi@gmail.com,ME24330,5,ME,4,B+,Nathaniel Tripathi
Charan Prashad,8198590220,charan.prashad@gmail.com,CSE24331,3,CSE,1,C,Warjas Prashad
Ethan Virk,7502058028,ethan.virk@gmail.com,IT24332,1,IT,2,A,Tanay Virk
Advik Parikh,8177850588,advik.parikh@gmail.com,IT24333,8,IT,2,B+,Tristan Parikh
Meghana Balasubramanian,7919227756,meghana.balasubramanian@gmail.com,CE24334,4,CE,5,A+,Wyatt Balasubramanian
Ojas Wagle,8909084441,ojas.wagle@gmail.com,IT24335,4,IT,2,A,Faqid Wagle
Rajeshri Chakraborty,8613927808,rajeshri.chakraborty@gmail.com,ME24336,4,ME,4,A,Lakshit Chakraborty
Bimala Bora,7368693112,bimala.bora@gmail.com,CE24337,7,CE,5,C,Rayaan Bora
Rudra Kala,7000533747,rudra.kala@gmail.com,IT24338,6,IT,2,A+,Thomas Kala
Unni Palla,8910991830,unni.palla@gmail.com,ME24339,8,ME,4,C,Praneel Palla
Vanya Savant,8359006433,vanya.savant@gmail.com,AI24340,5,AI,3,B,Ishwar Savant
Samaksh Prasad,8003531278,samaksh.prasad@gmail.com,ME24341,4,ME,4,A+,Noah Prasad
Charvi Venkatesh,9839143328,charvi.venkatesh@gmail.com,CSE24342,6,CSE,1,A+,Fariq Venkatesh
Pratyush Narang,8628906197,pratyush.narang@gmail.com,ME24343,1,ME,4,B,Praneel Narang
Tamanna Sachdev,9449184742,tamanna.sachdev@gmail.com,IT24344,7,IT,2,A,Patrick Sachdev
Lucky Khanna,7487264145,lucky.khanna@gmail.com,CSE24345,7,CSE,1,A+,Kalpit Khanna
Bhavna Sarna,9565967182,bhavna.sarna@gmail.com,ME24346,5,ME,4,A,Jackson Sarna
Champak Shukla,9226461759,champak.shukla@gmail.com,CE24347,1,CE,5,B,Tanish Shukla
Faqid Hari,8230129026,faqid.hari@gmail.com,CE24348,4,CE,5,A,Abeer Hari
Wridesh Bhattacharyya,7460593207,wridesh.bhattacharyya@gmail.com,AI24349,1,AI,3,C,Akshay Bhattacharyya
Ladli Madan,8114064038,ladli.madan@gmail.com,IT24350,4,IT,2,B+,Abdul Madan
Chameli Banik,8876862833,chameli.banik@gmail.com,CE24351,2,CE,5,A,Teerth Banik
Finn Sha,9494388787,finn.sha@gmail.com,AI24352,6,AI,3,C,Dominic Sha
Thomas Biswas,7259144907,thomas.biswas@gmail.com,CE24353,8,CE,5,A,Daniel Biswas
Tripti Prabhu,9343626648,tripti.prabhu@gmail.com,CE24354,7,CE,5,C,Utkarsh Prabhu
Madhav Hari,9984737002,madhav.hari@gmail.com,AI24355,1,AI,3,A,Fariq Hari
Upkaar Sangha,9700918236,upkaar.sangha@gmail.com,ME24356,8,ME,4,A,Wriddhish Sangha
Tarak Konda,8597249061,tarak.konda@gmail.com,CE24357,2,CE,5,B,Warinder Konda
Hemal Kant,9154517429,hemal.kant@gmail.com,IT24358,1,IT,2,C,Manthan Kant
Finn Palan,9735155258,finn.palan@gmail.com,AI24359,1,AI,3,A+,Sathvik Palan
Yashoda Seth,9360846259,yashoda.seth@gmail.com,ME24360,6,ME,4,A+,Bachittar Seth
Vasudha Ahuja,9257094786,vasudha.ahuja@gmail.com,IT24361,4,IT,2,A+,Teerth Ahuja
David Tandon,9756010971,david.tandon@gmail.com,IT24362,3,IT,2,C,Akshay Tandon
Siya Narasimhan,9226883931,siya.narasimhan@gmail.com,AI24363,8,AI,3,A,Kabir Narasimhan
Gavin Lad,9045560358,gavin.lad@gmail.com,ME24364,2,ME,4,B,Maanas Lad
Tripti Konda,8581062218,tripti.konda@gmail.com,IT24365,6,IT,2,B+,Harrison Konda
Benjamin Ramanathan,7663299252,benjamin.ramanathan@gmail.com,ME24366,4,ME,4,C,Sai Ramanathan
Radha Oza,9538774483,radha.oza@gmail.com,ME24367,1,ME,4,A+,Fitan Oza
Wriddhish Mutti,7276188637,wriddhish.mutti@gmail.com,AI24368,8,AI,3,A+,Ansh Mutti
Chaman Murty,8270565869,chaman.murty@gmail.com,IT24369,8,IT,2,A,Devansh Murty
Keya Arora,9993257667,keya.arora@gmail.com,AI24370,1,AI,3,B,Wazir Arora
Anika Desai,7168888749,anika.desai@gmail.com,AI24371,2,AI,3,C,Udarsh Desai
Chandran Sampath,7928898128,chandran.sampath@gmail.com,CSE24372,6,CSE,1,A,Dakshesh Sampath
Aachal Ramesh,9858961069,aachal.ramesh@gmail.com,ME24373,7,ME,4,B+,Gabriel Ramesh
Yuvraj Prashad,9099082177,yuvraj.prashad@gmail.com,ME24374,3,ME,4,A,Michael Prashad
Jonathan Kunda,9034631716,jonathan.kunda@gmail.com,AI24375,7,AI,3,B+,Tanish Kunda
Simon Madan,7394397625,simon.madan@gmail.com,IT24376,4,IT,2,C,Faqid Madan
Suhani Chhabra,7039886371,suhani.chhabra@gmail.com,CE24377,6,CE,5,B,Chandresh Chhabra
Chanchal Shenoy,9208121832,chanchal.shenoy@gmail.com,CSE24378,4,CSE,1,A,Anay Shenoy
Rushil Bahri,7898238350,rushil.bahri@gmail.com,CE24379,4,CE,5,A+,Saksham Bahri
Gautam Tank,9404951515,gautam.tank@gmail.com,ME24380,4,ME,4,B+,Ojas Tank
Ekta Badami,9544488270,ekta.badami@gmail.com,ME24381,5,ME,4,B+,Aadi Badami
Umang Sampath,8468312061,umang.sampath@gmail.com,IT24382,1,IT,2,A,Benjamin Sampath
Elijah Talwar,9247247890,elijah.talwar@gmail.com,IT24383,6,IT,2,B,Qarin Talwar
Mohini Panchal,7500004003,mohini.panchal@gmail.com,CE24384,6,CE,5,B,Samar Panchal
Advik Mohanty,7170326953,advik.mohanty@gmail.com,IT24385,2,IT,2,B,Vincent Mohanty
Tristan Guha,9526467853,tristan.guha@gmail.com,AI24386,2,AI,3,B,Kevin Guha
Raksha Ramakrishnan,8293303170,raksha.ramakrishnan@gmail.com,ME24387,3,ME,4,A,Wridesh Ramakrishnan
Mugdha Bhargava,7152636103,mugdha.bhargava@gmail.com,CE24388,8,CE,5,A+,Guneet Bhargava
Anirudh Patil,9666168008,anirudh.patil@gmail.com,CE24389,6,CE,5,A+,Yatan Patil
Warda Raju,8475126076,warda.raju@gmail.com,AI24390,4,AI,3,B,Anirudh Raju
Harrison Lata,7744175531,harrison.lata@gmail.com,ME24391,3,ME,4,B,Kiaan Lata
Ekapad Hans,8512482559,ekapad.hans@gmail.com,ME24392,3,ME,4,C,Nathan Hans
Rachit Kumer,8533262766,rachit.kumer@gmail.com,IT24393,7,IT,2,C,Anirudh Kumer
Ekavir Tailor,8169771872,ekavir.tailor@gmail.com,IT24394,8,IT,2,C,Ayaan Tailor
Adweta Murty,7619578970,adweta.murty@gmail.com,AI24395,8,AI,3,C,Lucky Murty
Imaran Kumer,8256834680,imaran.kumer@gmail.com,AI24396,7,AI,3,A+,Onveer Kumer
Charles Babu,8134473220,charles.babu@gmail.com,AI24397,1,AI,3,C,Banjeet Babu
Yochana Jaggi,9059181295,yochana.jaggi@gmail.com,CSE24398,3,CSE,1,B+,Theodore Jaggi
Lekha Kala,8214142136,lekha.kala@gmail.com,AI24399,7,AI,3,B+,Daniel Kala
Avni Rout,9629015484,avni.rout@gmail.com,CE24400,8,CE,5,A,Finn Rout
Mitali Sibal,8624087455,mitali.sibal@gmail.com,IT24401,1,IT,2,B+,Shaurya Sibal
Yashawini Dara,8646081961,yashawini.dara@gmail.com,CE24402,3,CE,5,B+,Rachit Dara
Vasana Minhas,7017986634,vasana.minhas@gmail.com,CSE24403,6,CSE,1,B+,Anay Minhas
Advik Oak,8531855447,advik.oak@gmail.com,IT24404,2,IT,2,B,Rudra Oak
Farhan Lal,8394751238,farhan.lal@gmail.com,ME24405,5,ME,4,A+,Pranit Lal
Banjeet Dar,7871511528,banjeet.dar@gmail.com,ME24406,1,ME,4,B+,Brijesh Dar
Falak Varughese,7388688709,falak.varughese@gmail.com,AI24407,3,AI,3,B+,Tarak Varughese
Ira Halder,9329062105,ira.halder@gmail.com,CE24408,1,CE,5,B,Balhaar Halder
Ishanvi Mani,8582962334,ishanvi.mani@gmail.com,ME24409,6,ME,4,B,Girindra Mani
Kashvi Kaul,7394615036,kashvi.kaul@gmail.com,CSE24410,6,CSE,1,B,Liam Kaul
Anita Dayal,9376730116,anita.dayal@gmail.com,IT24411,8,IT,2,C,Yatin Dayal
Radha Ganesh,7873043150,radha.ganesh@gmail.com,IT24412,7,IT,2,A+,Reyansh Ganesh
Sudiksha Kunda,9787291508,sudiksha.kunda@gmail.com,ME24413,1,ME,4,B+,Siddharth Kunda
Shravya Comar,7957444055,shravya.comar@gmail.com,CE24414,4,CE,5,B+,Bakhshi Comar
Raksha Varty,9803242242,raksha.varty@gmail.com,CSE24415,8,CSE,1,A+,Shivansh Varty
Kala Deshpande,9814283525,kala.deshpande@gmail.com,ME24416,8,ME,4,A,Naksh Deshpande
Adya Salvi,9997486596,adya.salvi@gmail.com,CSE24417,5,CSE,1,A,Anay Salvi
Neelima Sethi,9727495846,neelima.sethi@gmail.com,AI24418,3,AI,3,C,Chandresh Sethi
Devansh Gopal,7196600304,devansh.gopal@gmail.com,AI24419,8,AI,3,C,Gaurav Gopal
Dalaja Konda,7728022149,dalaja.konda@gmail.com,CSE24420,1,CSE,1,C,Isaiah Konda
Harita Bassi,7557431822,harita.bassi@gmail.com,ME24421,2,ME,4,C,Jatin Bassi
Anusha Radhakrishnan,8625692257,anusha.radhakrishnan@gmail.com,IT24422,1,IT,2,C,Yatin Radhakrishnan
Tejas Toor,8667140438,tejas.toor@gmail.com,IT24423,6,IT,2,A,Anay Toor
Advika Hayre,8447100806,advika.hayre@gmail.com,AI24424,1,AI,3,B,Ansh Hayre
Mahika Korpal,7893388509,mahika.korpal@gmail.com,AI24425,8,AI,3,A+,Zaid Korpal
Saksham Sarkar,8950561003,saksham.sarkar@gmail.com,IT24426,6,IT,2,C,Jack Sarkar
Amrita Bhatia,8093949433,amrita.bhatia@gmail.com,IT24427,3,IT,2,A+,Qabil Bhatia
Siya Nagi,7482977582,siya.nagi@gmail.com,AI24428,6,AI,3,B,Aryan Nagi
Ethan Ratta,8761613752,ethan.ratta@gmail.com,CSE24429,7,CSE,1,A+,Champak Ratta
Leena Walia,8012843592,leena.walia@gmail.com,IT24430,3,IT,2,B+,Umang Walia
Jai Sahni,8736592774,jai.sahni@gmail.com,CSE24431,4,CSE,1,C,Elijah Sahni
Amrita Parikh,7327772555,amrita.parikh@gmail.com,ME24432,8,ME,4,B,Om Parikh
Hritik Vig,7342752692,hritik.vig@gmail.com,CSE24433,2,CSE,1,B+,Yatin Vig
Faqid Kurian,7406727932,faqid.kurian@gmail.com,CE24434,8,CE,5,A,Nitesh Kurian
Andrew Atwal,8812770023,andrew.atwal@gmail.com,CSE24435,2,CSE,1,B+,Manan Atwal
Logan Kalita,8076579539,logan.kalita@gmail.com,ME24436,3,ME,4,B,Finn Kalita
Rachita Kapoor,8302643949,rachita.kapoor@gmail.com,ME24437,4,ME,4,A,Michael Kapoor
Kashvi Nair,7089330515,kashvi.nair@gmail.com,CE24438,5,CE,5,A+,Mohammed Nair
Guneet Chandran,8462737247,guneet.chandran@gmail.com,AI24439,3,AI,3,A+,Charan Chandran
Harrison Sabharwal,7225584797,harrison.sabharwal@gmail.com,ME24440,4,ME,4,B,Wazir Sabharwal
Manan Pandit,8047976332,manan.pandit@gmail.com,CSE24441,5,CSE,1,A,Anay Pandit
Divya Mitra,8162566349,divya.mitra@gmail.com,IT24442,4,IT,2,A,Udant Mitra
Samar Mannan,7399994759,samar.mannan@gmail.com,ME24443,2,ME,4,A+,Gautam Mannan
Ishanvi Date,8807857521,ishanvi.date@gmail.com,CE24444,6,CE,5,B+,Darsh Date
Balveer Char,9644578552,balveer.char@gmail.com,ME24445,8,ME,4,C,Thomas Char
Advika Khatri,7247774942,advika.khatri@gmail.com,ME24446,1,ME,4,A+,Veer Khatri
Ikbal Deo,7264428835,ikbal.deo@gmail.com,AI24447,8,AI,3,B+,Shivansh Deo
Yadavi Gulati,9690814271,yadavi.gulati@gmail.com,AI24448,2,AI,3,A+,Wridesh Gulati
Jeet Buch,7078726506,jeet.buch@gmail.com,IT24449,7,IT,2,A+,Ojas Buch
Rachana Deep,8926922622,rachana.deep@gmail.com,CE24450,3,CE,5,A+,Rehaan Deep
Yadavi Venkatesh,9434623451,yadavi.venkatesh@gmail.com,CSE24451,5,CSE,1,A+,Jai Venkatesh
Darika Acharya,7328489093,darika.acharya@gmail.com,CSE24452,3,CSE,1,A+,Gunbir Acharya
Gaurangi Natt,7660769333,gaurangi.natt@gmail.com,CE24453,4,CE,5,C,Gunbir Natt
Krishna Om,8770096655,krishna.om@gmail.com,IT24454,4,IT,2,A+,Samarth Om
Zinal Keer,7975792066,zinal.keer@gmail.com,CSE24455,6,CSE,1,C,Harish Keer
Jagdish Sha,8255949962,jagdish.sha@gmail.com,ME24456,6,ME,4,A,Tristan Sha
Noah Sunder,7529115458,noah.sunder@gmail.com,CE24457,4,CE,5,B,William Sunder
Azad Jayaraman,8431820845,azad.jayaraman@gmail.com,IT24458,8,IT,2,A+,Harshil Jayaraman
Jai Kara,7423122216,jai.kara@gmail.com,IT24459,5,IT,2,B,Chandran Kara
Avi Kashyap,8854129741,avi.kashyap@gmail.com,AI24460,1,AI,3,C,Laksh Kashyap
Yahvi Johal,8354310943,yahvi.johal@gmail.com,AI24461,4,AI,3,B,Ayaan Johal
Chasmum Ramanathan,7608144523,chasmum.ramanathan@gmail.com,CSE24462,6,CSE,1,A,Jason Ramanathan
Vedhika Jayaraman,9618938797,vedhika.jayaraman@gmail.com,AI24463,5,AI,3,C,Joshua Jayaraman
Kevin Naidu,7448674880,kevin.naidu@gmail.com,ME24464,2,ME,4,A+,Hredhaan Naidu
Max Shere,9459335338,max.shere@gmail.com,AI24465,1,AI,3,B+,Aarav Shere
Leela Bhatia,7642216979,leela.bhatia@gmail.com,CSE24466,3,CSE,1,B+,Darsh Bhatia
Teerth Char,7492557796,teerth.char@gmail.com,CSE24467,2,CSE,1,A,Advay Char
Naksh Pall,7672578533,naksh.pall@gmail.com,ME24468,2,ME,4,A,Samaksh Pall
Gagan Ram,7457198339,gagan.ram@gmail.com,IT24469,3,IT,2,A+,Jacob Ram
Girik Palla,9782958185,girik.palla@gmail.com,IT24470,7,IT,2,A,Agastya Palla
Yatan Borah,7536648770,yatan.borah@gmail.com,ME24471,8,ME,4,A,Banjeet Borah
Arin Suri,9553095213,arin.suri@gmail.com,AI24472,1,AI,3,A+,Daksh Suri
Harrison Palan,7480203255,harrison.palan@gmail.com,IT24473,1,IT,2,B,Balveer Palan
Kamya Patil,9268227944,kamya.patil@gmail.com,AI24474,2,AI,3,A+,Wridesh Patil
Gayathri Dhar,9362587019,gayathri.dhar@gmail.com,ME24475,3,ME,4,A+,Andrew Dhar
Anusha Iyer,9122298888,anusha.iyer@gmail.com,CE24476,4,CE,5,B,Reyansh Iyer
Lipika Seshadri,9058537445,lipika.seshadri@gmail.com,CSE24477,4,CSE,1,B,Girish Seshadri
Krishna Kapadia,8783134312,krishna.kapadia@gmail.com,ME24478,6,ME,4,B+,Orinder Kapadia
Umang Raghavan,7835754559,umang.raghavan@gmail.com,IT24479,8,IT,2,A,Dhruv Raghavan
Vyanjana Prashad,7824266732,vyanjana.prashad@gmail.com,CE24480,5,CE,5,A,Bakhshi Prashad
Daksha Munshi,8397799141,daksha.munshi@gmail.com,IT24481,4,IT,2,B+,Finn Munshi
Balhaar Buch,8142243844,balhaar.buch@gmail.com,IT24482,2,IT,2,C,Jack Buch
Shaurya Raval,9014924496,shaurya.raval@gmail.com,CE24483,7,CE,5,B+,Matthew Raval
Widisha Agrawal,8834898441,widisha.agrawal@gmail.com,CSE24484,7,CSE,1,C,Darsh Agrawal
Forum Butala,9441319584,forum.butala@gmail.com,AI24485,6,AI,3,A+,Lucky Butala
Zayyan Lalla,9043979871,zayyan.lalla@gmail.com,IT24486,2,IT,2,A+,Udarsh Lalla
Vritti Reddy,8582909193,vritti.reddy@gmail.com,IT24487,6,IT,2,C,Girindra Reddy
Baghyawati Raval,9709884403,baghyawati.raval@gmail.com,AI24488,7,AI,3,A,Yug Raval
Zarna Bal,8999869342,zarna.bal@gmail.com,CE24489,7,CE,5,C,Guneet Bal
Shivani Mander,9301528820,shivani.mander@gmail.com,AI24490,5,AI,3,A,Noah Mander
Girik Agrawal,9630196150,girik.agrawal@gmail.com,CE24491,6,CE,5,B,Omkaar Agrawal
Hiral Goda,8269732153,hiral.goda@gmail.com,CSE24492,8,CSE,1,A+,Fitan Goda
Damyanti Vig,9524560877,damyanti.vig@gmail.com,ME24493,8,ME,4,A,Wazir Vig
Darpan Bava,9864398965,darpan.bava@gmail.com,ME24494,2,ME,4,A,Robert Bava
Ayush Dua,7968483094,ayush.dua@gmail.com,CSE24495,4,CSE,1,B,Shaurya Dua
Samar Garg,8862939691,samar.garg@gmail.com,CSE24496,3,CSE,1,A,William Garg
Janaki Shetty,7537570709,janaki.shetty@gmail.com,AI24497,5,AI,3,A+,Darpan Shetty
Anay Iyer,7580069198,anay.iyer@gmail.com,CSE24498,5,CSE,1,B,Hritik Iyer
Amol Sarin,7009832901,amol.sarin@gmail.com,ME24499,7,ME,4,B,Oscar Sarin
Pavani Tandon,8652871345,pavani.tandon@gmail.com,CSE24500,3,CSE,1,A+,Manthan Tandon
